season,round,race_name,circuit_id,circuit_name,race_date,driver_id,driver_code,given_name,family_name,constructor_id,constructor_name,qualifying_position,q1,q2,q3
2021,1,Bahrain Grand Prix,bahrain,Bahrain International Circuit,2021-03-28,max_verstappen,VER,Max,Verstappen,red_bull,Red Bull,1,1:30.499,1:30.318,1:28.997
2021,1,Bahrain Grand Prix,bahrain,Bahrain International Circuit,2021-03-28,hamilton,HAM,Lewis,Hamilton,mercedes,Mercedes,2,1:30.617,1:30.085,1:29.385
2021,1,Bahrain Grand Prix,bahrain,Bahrain International Circuit,2021-03-28,bottas,BOT,Valtteri,Bottas,mercedes,Mercedes,3,1:31.200,1:30.186,1:29.586
2021,1,Bahrain Grand Prix,bahrain,Bahrain International Circuit,2021-03-28,leclerc,LEC,Charles,Leclerc,ferrari,Ferrari,4,1:30.691,1:30.010,1:29.678
2021,1,Bahrain Grand Prix,bahrain,Bahrain International Circuit,2021-03-28,gasly,GAS,Pierre,Gasly,alphatauri,AlphaTauri,5,1:30.848,1:30.513,1:29.809
2021,1,Bahrain Grand Prix,bahrain,Bahrain International Circuit,2021-03-28,ricciardo,RIC,Daniel,Ricciardo,mclaren,McLaren,6,1:30.795,1:30.222,1:29.927
2021,1,Bahrain Grand Prix,bahrain,Bahrain International Circuit,2021-03-28,norris,NOR,Lando,Norris,mclaren,McLaren,7,1:30.902,1:30.099,1:29.974
2021,1,Bahrain Grand Prix,bahrain,Bahrain International Circuit,2021-03-28,sainz,SAI,Carlos,Sainz,ferrari,Ferrari,8,1:31.653,1:30.009,1:30.215
2021,1,Bahrain Grand Prix,bahrain,Bahrain International Circuit,2021-03-28,alonso,ALO,Fernando,Alonso,alpine,Alpine F1 Team,9,1:30.863,1:30.595,1:30.249
2021,1,Bahrain Grand Prix,bahrain,Bahrain International Circuit,2021-03-28,stroll,STR,Lance,Stroll,aston_martin,Aston Martin,10,1:31.261,1:30.624,1:30.601
2021,1,Bahrain Grand Prix,bahrain,Bahrain International Circuit,2021-03-28,perez,PER,Sergio,Pérez,red_bull,Red Bull,11,1:31.165,1:30.659,
2021,1,Bahrain Grand Prix,bahrain,Bahrain International Circuit,2021-03-28,giovinazzi,GIO,Antonio,Giovinazzi,alfa,Alfa Romeo,12,1:30.998,1:30.708,
2021,1,Bahrain Grand Prix,bahrain,Bahrain International Circuit,2021-03-28,tsunoda,TSU,Yuki,Tsunoda,alphatauri,AlphaTauri,13,1:30.607,1:31.203,
2021,1,Bahrain Grand Prix,bahrain,Bahrain International Circuit,2021-03-28,raikkonen,RAI,Kimi,Räikkönen,alfa,Alfa Romeo,14,1:31.547,1:31.238,
2021,1,Bahrain Grand Prix,bahrain,Bahrain International Circuit,2021-03-28,russell,RUS,George,Russell,williams,Williams,15,1:31.316,1:33.430,
2021,1,Bahrain Grand Prix,bahrain,Bahrain International Circuit,2021-03-28,ocon,OCO,Esteban,Ocon,alpine,Alpine F1 Team,16,1:31.724,,
2021,1,Bahrain Grand Prix,bahrain,Bahrain International Circuit,2021-03-28,latifi,LAT,Nicholas,Latifi,williams,Williams,17,1:31.936,,
2021,1,Bahrain Grand Prix,bahrain,Bahrain International Circuit,2021-03-28,vettel,VET,Sebastian,Vettel,aston_martin,Aston Martin,18,1:32.056,,
2021,1,Bahrain Grand Prix,bahrain,Bahrain International Circuit,2021-03-28,mick_schumacher,MSC,Mick,Schumacher,haas,Haas F1 Team,19,1:32.449,,
2021,1,Bahrain Grand Prix,bahrain,Bahrain International Circuit,2021-03-28,mazepin,MAZ,Nikita,Mazepin,haas,Haas F1 Team,20,1:33.273,,
2021,2,Emilia Romagna Grand Prix,imola,Autodromo Enzo e Dino Ferrari,2021-04-18,hamilton,HAM,Lewis,Hamilton,mercedes,Mercedes,1,1:14.823,1:14.817,1:14.411
2021,2,Emilia Romagna Grand Prix,imola,Autodromo Enzo e Dino Ferrari,2021-04-18,perez,PER,Sergio,Pérez,red_bull,Red Bull,2,1:15.395,1:14.716,1:14.446
2021,2,Emilia Romagna Grand Prix,imola,Autodromo Enzo e Dino Ferrari,2021-04-18,max_verstappen,VER,Max,Verstappen,red_bull,Red Bull,3,1:15.109,1:14.884,1:14.498
2021,2,Emilia Romagna Grand Prix,imola,Autodromo Enzo e Dino Ferrari,2021-04-18,leclerc,LEC,Charles,Leclerc,ferrari,Ferrari,4,1:15.413,1:14.808,1:14.740
2021,2,Emilia Romagna Grand Prix,imola,Autodromo Enzo e Dino Ferrari,2021-04-18,gasly,GAS,Pierre,Gasly,alphatauri,AlphaTauri,5,1:15.548,1:14.927,1:14.790
2021,2,Emilia Romagna Grand Prix,imola,Autodromo Enzo e Dino Ferrari,2021-04-18,ricciardo,RIC,Daniel,Ricciardo,mclaren,McLaren,6,1:15.669,1:15.033,1:14.826
2021,2,Emilia Romagna Grand Prix,imola,Autodromo Enzo e Dino Ferrari,2021-04-18,norris,NOR,Lando,Norris,mclaren,McLaren,7,1:15.009,1:14.718,1:14.875
2021,2,Emilia Romagna Grand Prix,imola,Autodromo Enzo e Dino Ferrari,2021-04-18,bottas,BOT,Valtteri,Bottas,mercedes,Mercedes,8,1:14.672,1:14.905,1:14.898
2021,2,Emilia Romagna Grand Prix,imola,Autodromo Enzo e Dino Ferrari,2021-04-18,ocon,OCO,Esteban,Ocon,alpine,Alpine F1 Team,9,1:15.385,1:15.117,1:15.210
2021,2,Emilia Romagna Grand Prix,imola,Autodromo Enzo e Dino Ferrari,2021-04-18,stroll,STR,Lance,Stroll,aston_martin,Aston Martin,10,1:15.522,1:15.138,
2021,2,Emilia Romagna Grand Prix,imola,Autodromo Enzo e Dino Ferrari,2021-04-18,sainz,SAI,Carlos,Sainz,ferrari,Ferrari,11,1:15.406,1:15.199,
2021,2,Emilia Romagna Grand Prix,imola,Autodromo Enzo e Dino Ferrari,2021-04-18,russell,RUS,George,Russell,williams,Williams,12,1:15.826,1:15.261,
2021,2,Emilia Romagna Grand Prix,imola,Autodromo Enzo e Dino Ferrari,2021-04-18,vettel,VET,Sebastian,Vettel,aston_martin,Aston Martin,13,1:15.459,1:15.394,
2021,2,Emilia Romagna Grand Prix,imola,Autodromo Enzo e Dino Ferrari,2021-04-18,latifi,LAT,Nicholas,Latifi,williams,Williams,14,1:15.653,1:15.593,
2021,2,Emilia Romagna Grand Prix,imola,Autodromo Enzo e Dino Ferrari,2021-04-18,alonso,ALO,Fernando,Alonso,alpine,Alpine F1 Team,15,1:15.832,1:15.593,
2021,2,Emilia Romagna Grand Prix,imola,Autodromo Enzo e Dino Ferrari,2021-04-18,raikkonen,RAI,Kimi,Räikkönen,alfa,Alfa Romeo,16,1:15.974,,
2021,2,Emilia Romagna Grand Prix,imola,Autodromo Enzo e Dino Ferrari,2021-04-18,giovinazzi,GIO,Antonio,Giovinazzi,alfa,Alfa Romeo,17,1:16.122,,
2021,2,Emilia Romagna Grand Prix,imola,Autodromo Enzo e Dino Ferrari,2021-04-18,mick_schumacher,MSC,Mick,Schumacher,haas,Haas F1 Team,18,1:16.279,,
2021,2,Emilia Romagna Grand Prix,imola,Autodromo Enzo e Dino Ferrari,2021-04-18,mazepin,MAZ,Nikita,Mazepin,haas,Haas F1 Team,19,1:16.797,,
2021,2,Emilia Romagna Grand Prix,imola,Autodromo Enzo e Dino Ferrari,2021-04-18,tsunoda,TSU,Yuki,Tsunoda,alphatauri,AlphaTauri,20,,,
2021,3,Portuguese Grand Prix,portimao,Autódromo Internacional do Algarve,2021-05-02,bottas,BOT,Valtteri,Bottas,mercedes,Mercedes,1,1:18.722,1:18.458,1:18.348
2021,3,Portuguese Grand Prix,portimao,Autódromo Internacional do Algarve,2021-05-02,hamilton,HAM,Lewis,Hamilton,mercedes,Mercedes,2,1:18.857,1:17.968,1:18.355
2021,3,Portuguese Grand Prix,portimao,Autódromo Internacional do Algarve,2021-05-02,max_verstappen,VER,Max,Verstappen,red_bull,Red Bull,3,1:19.485,1:18.650,1:18.746
2021,3,Portuguese Grand Prix,portimao,Autódromo Internacional do Algarve,2021-05-02,perez,PER,Sergio,Pérez,red_bull,Red Bull,4,1:19.337,1:18.845,1:18.890
2021,3,Portuguese Grand Prix,portimao,Autódromo Internacional do Algarve,2021-05-02,sainz,SAI,Carlos,Sainz,ferrari,Ferrari,5,1:19.309,1:18.813,1:19.039
2021,3,Portuguese Grand Prix,portimao,Autódromo Internacional do Algarve,2021-05-02,ocon,OCO,Esteban,Ocon,alpine,Alpine F1 Team,6,1:19.092,1:18.586,1:19.042
2021,3,Portuguese Grand Prix,portimao,Autódromo Internacional do Algarve,2021-05-02,norris,NOR,Lando,Norris,mclaren,McLaren,7,1:18.794,1:18.481,1:19.116
2021,3,Portuguese Grand Prix,portimao,Autódromo Internacional do Algarve,2021-05-02,leclerc,LEC,Charles,Leclerc,ferrari,Ferrari,8,1:19.373,1:18.769,1:19.306
2021,3,Portuguese Grand Prix,portimao,Autódromo Internacional do Algarve,2021-05-02,gasly,GAS,Pierre,Gasly,alphatauri,AlphaTauri,9,1:19.464,1:19.052,1:19.475
2021,3,Portuguese Grand Prix,portimao,Autódromo Internacional do Algarve,2021-05-02,vettel,VET,Sebastian,Vettel,aston_martin,Aston Martin,10,1:19.403,1:18.970,1:19.659
2021,3,Portuguese Grand Prix,portimao,Autódromo Internacional do Algarve,2021-05-02,russell,RUS,George,Russell,williams,Williams,11,1:19.797,1:19.109,
2021,3,Portuguese Grand Prix,portimao,Autódromo Internacional do Algarve,2021-05-02,giovinazzi,GIO,Antonio,Giovinazzi,alfa,Alfa Romeo,12,1:19.410,1:19.216,
2021,3,Portuguese Grand Prix,portimao,Autódromo Internacional do Algarve,2021-05-02,alonso,ALO,Fernando,Alonso,alpine,Alpine F1 Team,13,1:19.728,1:19.456,
2021,3,Portuguese Grand Prix,portimao,Autódromo Internacional do Algarve,2021-05-02,tsunoda,TSU,Yuki,Tsunoda,alphatauri,AlphaTauri,14,1:19.684,1:19.463,
2021,3,Portuguese Grand Prix,portimao,Autódromo Internacional do Algarve,2021-05-02,raikkonen,RAI,Kimi,Räikkönen,alfa,Alfa Romeo,15,1:19.748,1:19.812,
2021,3,Portuguese Grand Prix,portimao,Autódromo Internacional do Algarve,2021-05-02,ricciardo,RIC,Daniel,Ricciardo,mclaren,McLaren,16,1:19.839,,
2021,3,Portuguese Grand Prix,portimao,Autódromo Internacional do Algarve,2021-05-02,stroll,STR,Lance,Stroll,aston_martin,Aston Martin,17,1:19.913,,
2021,3,Portuguese Grand Prix,portimao,Autódromo Internacional do Algarve,2021-05-02,latifi,LAT,Nicholas,Latifi,williams,Williams,18,1:20.285,,
2021,3,Portuguese Grand Prix,portimao,Autódromo Internacional do Algarve,2021-05-02,mick_schumacher,MSC,Mick,Schumacher,haas,Haas F1 Team,19,1:20.452,,
2021,3,Portuguese Grand Prix,portimao,Autódromo Internacional do Algarve,2021-05-02,mazepin,MAZ,Nikita,Mazepin,haas,Haas F1 Team,20,1:20.912,,
2021,4,Spanish Grand Prix,catalunya,Circuit de Barcelona-Catalunya,2021-05-09,hamilton,HAM,Lewis,Hamilton,mercedes,Mercedes,1,1:18.245,1:17.166,1:16.741
2021,4,Spanish Grand Prix,catalunya,Circuit de Barcelona-Catalunya,2021-05-09,max_verstappen,VER,Max,Verstappen,red_bull,Red Bull,2,1:18.090,1:16.922,1:16.777
2021,4,Spanish Grand Prix,catalunya,Circuit de Barcelona-Catalunya,2021-05-09,bottas,BOT,Valtteri,Bottas,mercedes,Mercedes,3,1:18.005,1:17.142,1:16.873
2021,4,Spanish Grand Prix,catalunya,Circuit de Barcelona-Catalunya,2021-05-09,leclerc,LEC,Charles,Leclerc,ferrari,Ferrari,4,1:18.041,1:17.717,1:17.510
2021,4,Spanish Grand Prix,catalunya,Circuit de Barcelona-Catalunya,2021-05-09,ocon,OCO,Esteban,Ocon,alpine,Alpine F1 Team,5,1:18.281,1:17.743,1:17.580
2021,4,Spanish Grand Prix,catalunya,Circuit de Barcelona-Catalunya,2021-05-09,sainz,SAI,Carlos,Sainz,ferrari,Ferrari,6,1:18.205,1:17.656,1:17.620
2021,4,Spanish Grand Prix,catalunya,Circuit de Barcelona-Catalunya,2021-05-09,ricciardo,RIC,Daniel,Ricciardo,mclaren,McLaren,7,1:18.264,1:17.719,1:17.622
2021,4,Spanish Grand Prix,catalunya,Circuit de Barcelona-Catalunya,2021-05-09,perez,PER,Sergio,Pérez,red_bull,Red Bull,8,1:18.203,1:17.669,1:17.701
2021,4,Spanish Grand Prix,catalunya,Circuit de Barcelona-Catalunya,2021-05-09,norris,NOR,Lando,Norris,mclaren,McLaren,9,1:17.821,1:17.696,1:18.010
2021,4,Spanish Grand Prix,catalunya,Circuit de Barcelona-Catalunya,2021-05-09,alonso,ALO,Fernando,Alonso,alpine,Alpine F1 Team,10,1:18.281,1:17.966,1:18.147
2021,4,Spanish Grand Prix,catalunya,Circuit de Barcelona-Catalunya,2021-05-09,stroll,STR,Lance,Stroll,aston_martin,Aston Martin,11,1:18.241,1:17.974,
2021,4,Spanish Grand Prix,catalunya,Circuit de Barcelona-Catalunya,2021-05-09,gasly,GAS,Pierre,Gasly,alphatauri,AlphaTauri,12,1:18.190,1:17.982,
2021,4,Spanish Grand Prix,catalunya,Circuit de Barcelona-Catalunya,2021-05-09,vettel,VET,Sebastian,Vettel,aston_martin,Aston Martin,13,1:18.289,1:18.079,
2021,4,Spanish Grand Prix,catalunya,Circuit de Barcelona-Catalunya,2021-05-09,giovinazzi,GIO,Antonio,Giovinazzi,alfa,Alfa Romeo,14,1:18.549,1:18.356,
2021,4,Spanish Grand Prix,catalunya,Circuit de Barcelona-Catalunya,2021-05-09,russell,RUS,George,Russell,williams,Williams,15,1:18.445,1:19.154,
2021,4,Spanish Grand Prix,catalunya,Circuit de Barcelona-Catalunya,2021-05-09,tsunoda,TSU,Yuki,Tsunoda,alphatauri,AlphaTauri,16,1:18.556,,
2021,4,Spanish Grand Prix,catalunya,Circuit de Barcelona-Catalunya,2021-05-09,raikkonen,RAI,Kimi,Räikkönen,alfa,Alfa Romeo,17,1:18.917,,
2021,4,Spanish Grand Prix,catalunya,Circuit de Barcelona-Catalunya,2021-05-09,mick_schumacher,MSC,Mick,Schumacher,haas,Haas F1 Team,18,1:19.117,,
2021,4,Spanish Grand Prix,catalunya,Circuit de Barcelona-Catalunya,2021-05-09,latifi,LAT,Nicholas,Latifi,williams,Williams,19,1:19.219,,
2021,4,Spanish Grand Prix,catalunya,Circuit de Barcelona-Catalunya,2021-05-09,mazepin,MAZ,Nikita,Mazepin,haas,Haas F1 Team,20,1:19.807,,
2021,5,Monaco Grand Prix,monaco,Circuit de Monaco,2021-05-23,leclerc,LEC,Charles,Leclerc,ferrari,Ferrari,1,1:11.113,1:10.597,1:10.346
2021,5,Monaco Grand Prix,monaco,Circuit de Monaco,2021-05-23,max_verstappen,VER,Max,Verstappen,red_bull,Red Bull,2,1:11.124,1:10.650,1:10.576
2021,5,Monaco Grand Prix,monaco,Circuit de Monaco,2021-05-23,bottas,BOT,Valtteri,Bottas,mercedes,Mercedes,3,1:10.938,1:10.695,1:10.601
2021,5,Monaco Grand Prix,monaco,Circuit de Monaco,2021-05-23,sainz,SAI,Carlos,Sainz,ferrari,Ferrari,4,1:11.324,1:10.806,1:10.611
2021,5,Monaco Grand Prix,monaco,Circuit de Monaco,2021-05-23,norris,NOR,Lando,Norris,mclaren,McLaren,5,1:11.321,1:11.031,1:10.620
2021,5,Monaco Grand Prix,monaco,Circuit de Monaco,2021-05-23,gasly,GAS,Pierre,Gasly,alphatauri,AlphaTauri,6,1:11.560,1:11.179,1:10.900
2021,5,Monaco Grand Prix,monaco,Circuit de Monaco,2021-05-23,hamilton,HAM,Lewis,Hamilton,mercedes,Mercedes,7,1:11.622,1:11.116,1:11.095
2021,5,Monaco Grand Prix,monaco,Circuit de Monaco,2021-05-23,vettel,VET,Sebastian,Vettel,aston_martin,Aston Martin,8,1:12.078,1:11.309,1:11.419
2021,5,Monaco Grand Prix,monaco,Circuit de Monaco,2021-05-23,perez,PER,Sergio,Pérez,red_bull,Red Bull,9,1:11.644,1:11.019,1:11.573
2021,5,Monaco Grand Prix,monaco,Circuit de Monaco,2021-05-23,giovinazzi,GIO,Antonio,Giovinazzi,alfa,Alfa Romeo,10,1:11.658,1:11.409,1:11.779
2021,5,Monaco Grand Prix,monaco,Circuit de Monaco,2021-05-23,ocon,OCO,Esteban,Ocon,alpine,Alpine F1 Team,11,1:11.740,1:11.486,
2021,5,Monaco Grand Prix,monaco,Circuit de Monaco,2021-05-23,ricciardo,RIC,Daniel,Ricciardo,mclaren,McLaren,12,1:11.747,1:11.598,
2021,5,Monaco Grand Prix,monaco,Circuit de Monaco,2021-05-23,stroll,STR,Lance,Stroll,aston_martin,Aston Martin,13,1:11.979,1:11.600,
2021,5,Monaco Grand Prix,monaco,Circuit de Monaco,2021-05-23,raikkonen,RAI,Kimi,Räikkönen,alfa,Alfa Romeo,14,1:11.899,1:11.642,
2021,5,Monaco Grand Prix,monaco,Circuit de Monaco,2021-05-23,russell,RUS,George,Russell,williams,Williams,15,1:12.016,1:11.830,
2021,5,Monaco Grand Prix,monaco,Circuit de Monaco,2021-05-23,tsunoda,TSU,Yuki,Tsunoda,alphatauri,AlphaTauri,16,1:12.096,,
2021,5,Monaco Grand Prix,monaco,Circuit de Monaco,2021-05-23,alonso,ALO,Fernando,Alonso,alpine,Alpine F1 Team,17,1:12.205,,
2021,5,Monaco Grand Prix,monaco,Circuit de Monaco,2021-05-23,latifi,LAT,Nicholas,Latifi,williams,Williams,18,1:12.366,,
2021,5,Monaco Grand Prix,monaco,Circuit de Monaco,2021-05-23,mazepin,MAZ,Nikita,Mazepin,haas,Haas F1 Team,19,1:12.958,,
2021,6,Azerbaijan Grand Prix,baku,Baku City Circuit,2021-06-06,leclerc,LEC,Charles,Leclerc,ferrari,Ferrari,1,1:42.241,1:41.659,1:41.218
2022,1,Bahrain Grand Prix,bahrain,Bahrain International Circuit,2022-03-20,leclerc,LEC,Charles,Leclerc,ferrari,Ferrari,1,1:31.471,1:30.932,1:30.558
2022,1,Bahrain Grand Prix,bahrain,Bahrain International Circuit,2022-03-20,max_verstappen,VER,Max,Verstappen,red_bull,Red Bull,2,1:31.785,1:30.757,1:30.681
2022,1,Bahrain Grand Prix,bahrain,Bahrain International Circuit,2022-03-20,sainz,SAI,Carlos,Sainz,ferrari,Ferrari,3,1:31.567,1:30.787,1:30.687
2022,1,Bahrain Grand Prix,bahrain,Bahrain International Circuit,2022-03-20,perez,PER,Sergio,Pérez,red_bull,Red Bull,4,1:32.311,1:31.008,1:30.921
2022,1,Bahrain Grand Prix,bahrain,Bahrain International Circuit,2022-03-20,hamilton,HAM,Lewis,Hamilton,mercedes,Mercedes,5,1:32.285,1:31.048,1:31.238
2022,1,Bahrain Grand Prix,bahrain,Bahrain International Circuit,2022-03-20,bottas,BOT,Valtteri,Bottas,alfa,Alfa Romeo,6,1:31.919,1:31.717,1:31.560
2022,1,Bahrain Grand Prix,bahrain,Bahrain International Circuit,2022-03-20,kevin_magnussen,MAG,Kevin,Magnussen,haas,Haas F1 Team,7,1:31.955,1:31.461,1:31.808
2022,1,Bahrain Grand Prix,bahrain,Bahrain International Circuit,2022-03-20,alonso,ALO,Fernando,Alonso,alpine,Alpine F1 Team,8,1:32.346,1:31.621,1:32.195
2022,1,Bahrain Grand Prix,bahrain,Bahrain International Circuit,2022-03-20,russell,RUS,George,Russell,mercedes,Mercedes,9,1:32.269,1:31.252,1:32.216
2022,1,Bahrain Grand Prix,bahrain,Bahrain International Circuit,2022-03-20,gasly,GAS,Pierre,Gasly,alphatauri,AlphaTauri,10,1:32.096,1:31.635,1:32.338
2022,1,Bahrain Grand Prix,bahrain,Bahrain International Circuit,2022-03-20,ocon,OCO,Esteban,Ocon,alpine,Alpine F1 Team,11,1:32.041,1:31.782,
2022,1,Bahrain Grand Prix,bahrain,Bahrain International Circuit,2022-03-20,mick_schumacher,MSC,Mick,Schumacher,haas,Haas F1 Team,12,1:32.380,1:31.998,
2022,1,Bahrain Grand Prix,bahrain,Bahrain International Circuit,2022-03-20,norris,NOR,Lando,Norris,mclaren,McLaren,13,1:32.239,1:32.008,
2022,1,Bahrain Grand Prix,bahrain,Bahrain International Circuit,2022-03-20,albon,ALB,Alexander,Albon,williams,Williams,14,1:32.726,1:32.664,
2022,1,Bahrain Grand Prix,bahrain,Bahrain International Circuit,2022-03-20,zhou,ZHO,Guanyu,Zhou,alfa,Alfa Romeo,15,1:32.493,1:33.543,
2022,1,Bahrain Grand Prix,bahrain,Bahrain International Circuit,2022-03-20,tsunoda,TSU,Yuki,Tsunoda,alphatauri,AlphaTauri,16,1:32.750,,
2022,1,Bahrain Grand Prix,bahrain,Bahrain International Circuit,2022-03-20,hulkenberg,HUL,Nico,Hülkenberg,aston_martin,Aston Martin,17,1:32.777,,
2022,1,Bahrain Grand Prix,bahrain,Bahrain International Circuit,2022-03-20,ricciardo,RIC,Daniel,Ricciardo,mclaren,McLaren,18,1:32.945,,
2022,1,Bahrain Grand Prix,bahrain,Bahrain International Circuit,2022-03-20,stroll,STR,Lance,Stroll,aston_martin,Aston Martin,19,1:33.032,,
2022,1,Bahrain Grand Prix,bahrain,Bahrain International Circuit,2022-03-20,latifi,LAT,Nicholas,Latifi,williams,Williams,20,1:33.634,,
2022,2,Saudi Arabian Grand Prix,jeddah,Jeddah Corniche Circuit,2022-03-27,perez,PER,Sergio,Pérez,red_bull,Red Bull,1,1:29.705,1:28.924,1:28.200
2022,2,Saudi Arabian Grand Prix,jeddah,Jeddah Corniche Circuit,2022-03-27,leclerc,LEC,Charles,Leclerc,ferrari,Ferrari,2,1:29.039,1:28.780,1:28.225
2022,2,Saudi Arabian Grand Prix,jeddah,Jeddah Corniche Circuit,2022-03-27,sainz,SAI,Carlos,Sainz,ferrari,Ferrari,3,1:28.855,1:28.686,1:28.402
2022,2,Saudi Arabian Grand Prix,jeddah,Jeddah Corniche Circuit,2022-03-27,max_verstappen,VER,Max,Verstappen,red_bull,Red Bull,4,1:28.928,1:28.945,1:28.461
2022,2,Saudi Arabian Grand Prix,jeddah,Jeddah Corniche Circuit,2022-03-27,ocon,OCO,Esteban,Ocon,alpine,Alpine F1 Team,5,1:30.093,1:29.584,1:29.068
2022,2,Saudi Arabian Grand Prix,jeddah,Jeddah Corniche Circuit,2022-03-27,russell,RUS,George,Russell,mercedes,Mercedes,6,1:29.680,1:29.618,1:29.104
2022,2,Saudi Arabian Grand Prix,jeddah,Jeddah Corniche Circuit,2022-03-27,alonso,ALO,Fernando,Alonso,alpine,Alpine F1 Team,7,1:29.978,1:29.295,1:29.147
2022,2,Saudi Arabian Grand Prix,jeddah,Jeddah Corniche Circuit,2022-03-27,bottas,BOT,Valtteri,Bottas,alfa,Alfa Romeo,8,1:29.683,1:29.404,1:29.183
2022,2,Saudi Arabian Grand Prix,jeddah,Jeddah Corniche Circuit,2022-03-27,gasly,GAS,Pierre,Gasly,alphatauri,AlphaTauri,9,1:29.891,1:29.418,1:29.254
2022,2,Saudi Arabian Grand Prix,jeddah,Jeddah Corniche Circuit,2022-03-27,kevin_magnussen,MAG,Kevin,Magnussen,haas,Haas F1 Team,10,1:29.831,1:29.546,1:29.588
2022,2,Saudi Arabian Grand Prix,jeddah,Jeddah Corniche Circuit,2022-03-27,norris,NOR,Lando,Norris,mclaren,McLaren,11,1:29.957,1:29.651,
2022,2,Saudi Arabian Grand Prix,jeddah,Jeddah Corniche Circuit,2022-03-27,ricciardo,RIC,Daniel,Ricciardo,mclaren,McLaren,12,1:30.009,1:29.773,
2022,2,Saudi Arabian Grand Prix,jeddah,Jeddah Corniche Circuit,2022-03-27,zhou,ZHO,Guanyu,Zhou,alfa,Alfa Romeo,13,1:29.978,1:29.819,
2022,2,Saudi Arabian Grand Prix,jeddah,Jeddah Corniche Circuit,2022-03-27,mick_schumacher,MSC,Mick,Schumacher,haas,Haas F1 Team,14,1:30.167,1:29.920,
2022,2,Saudi Arabian Grand Prix,jeddah,Jeddah Corniche Circuit,2022-03-27,stroll,STR,Lance,Stroll,aston_martin,Aston Martin,15,1:30.256,1:31.009,
2022,2,Saudi Arabian Grand Prix,jeddah,Jeddah Corniche Circuit,2022-03-27,hamilton,HAM,Lewis,Hamilton,mercedes,Mercedes,16,1:30.343,,
2022,2,Saudi Arabian Grand Prix,jeddah,Jeddah Corniche Circuit,2022-03-27,albon,ALB,Alexander,Albon,williams,Williams,17,1:30.492,,
2022,2,Saudi Arabian Grand Prix,jeddah,Jeddah Corniche Circuit,2022-03-27,hulkenberg,HUL,Nico,Hülkenberg,aston_martin,Aston Martin,18,1:30.543,,
2022,2,Saudi Arabian Grand Prix,jeddah,Jeddah Corniche Circuit,2022-03-27,latifi,LAT,Nicholas,Latifi,williams,Williams,19,1:31.817,,
2022,2,Saudi Arabian Grand Prix,jeddah,Jeddah Corniche Circuit,2022-03-27,tsunoda,TSU,Yuki,Tsunoda,alphatauri,AlphaTauri,20,,,
2022,3,Australian Grand Prix,albert_park,Albert Park Grand Prix Circuit,2022-04-10,leclerc,LEC,Charles,Leclerc,ferrari,Ferrari,1,1:18.881,1:18.606,1:17.868
2022,3,Australian Grand Prix,albert_park,Albert Park Grand Prix Circuit,2022-04-10,max_verstappen,VER,Max,Verstappen,red_bull,Red Bull,2,1:18.580,1:18.611,1:18.154
2022,3,Australian Grand Prix,albert_park,Albert Park Grand Prix Circuit,2022-04-10,perez,PER,Sergio,Pérez,red_bull,Red Bull,3,1:18.834,1:18.340,1:18.240
2022,3,Australian Grand Prix,albert_park,Albert Park Grand Prix Circuit,2022-04-10,norris,NOR,Lando,Norris,mclaren,McLaren,4,1:19.280,1:19.066,1:18.703
2022,3,Australian Grand Prix,albert_park,Albert Park Grand Prix Circuit,2022-04-10,hamilton,HAM,Lewis,Hamilton,mercedes,Mercedes,5,1:19.401,1:19.106,1:18.825
2022,3,Australian Grand Prix,albert_park,Albert Park Grand Prix Circuit,2022-04-10,russell,RUS,George,Russell,mercedes,Mercedes,6,1:19.405,1:19.076,1:18.933
2022,3,Australian Grand Prix,albert_park,Albert Park Grand Prix Circuit,2022-04-10,ricciardo,RIC,Daniel,Ricciardo,mclaren,McLaren,7,1:19.665,1:19.130,1:19.032
2022,3,Australian Grand Prix,albert_park,Albert Park Grand Prix Circuit,2022-04-10,ocon,OCO,Esteban,Ocon,alpine,Alpine F1 Team,8,1:19.605,1:19.136,1:19.061
2022,3,Australian Grand Prix,albert_park,Albert Park Grand Prix Circuit,2022-04-10,sainz,SAI,Carlos,Sainz,ferrari,Ferrari,9,1:18.983,1:18.469,1:19.408
2022,3,Australian Grand Prix,albert_park,Albert Park Grand Prix Circuit,2022-04-10,alonso,ALO,Fernando,Alonso,alpine,Alpine F1 Team,10,1:19.192,1:18.815,
2022,3,Australian Grand Prix,albert_park,Albert Park Grand Prix Circuit,2022-04-10,gasly,GAS,Pierre,Gasly,alphatauri,AlphaTauri,11,1:19.580,1:19.226,
2022,3,Australian Grand Prix,albert_park,Albert Park Grand Prix Circuit,2022-04-10,bottas,BOT,Valtteri,Bottas,alfa,Alfa Romeo,12,1:19.251,1:19.410,
2022,3,Australian Grand Prix,albert_park,Albert Park Grand Prix Circuit,2022-04-10,tsunoda,TSU,Yuki,Tsunoda,alphatauri,AlphaTauri,13,1:19.742,1:19.424,
2022,3,Australian Grand Prix,albert_park,Albert Park Grand Prix Circuit,2022-04-10,zhou,ZHO,Guanyu,Zhou,alfa,Alfa Romeo,14,1:19.910,1:20.155,
2022,3,Australian Grand Prix,albert_park,Albert Park Grand Prix Circuit,2022-04-10,mick_schumacher,MSC,Mick,Schumacher,haas,Haas F1 Team,15,1:20.104,1:20.465,
2022,3,Australian Grand Prix,albert_park,Albert Park Grand Prix Circuit,2022-04-10,albon,ALB,Alexander,Albon,williams,Williams,16,1:20.135,,
2022,3,Australian Grand Prix,albert_park,Albert Park Grand Prix Circuit,2022-04-10,kevin_magnussen,MAG,Kevin,Magnussen,haas,Haas F1 Team,17,1:20.254,,
2022,3,Australian Grand Prix,albert_park,Albert Park Grand Prix Circuit,2022-04-10,vettel,VET,Sebastian,Vettel,aston_martin,Aston Martin,18,1:21.149,,
2022,3,Australian Grand Prix,albert_park,Albert Park Grand Prix Circuit,2022-04-10,latifi,LAT,Nicholas,Latifi,williams,Williams,19,1:21.372,,
2022,3,Australian Grand Prix,albert_park,Albert Park Grand Prix Circuit,2022-04-10,stroll,STR,Lance,Stroll,aston_martin,Aston Martin,20,,,
2022,4,Emilia Romagna Grand Prix,imola,Autodromo Enzo e Dino Ferrari,2022-04-24,max_verstappen,VER,Max,Verstappen,red_bull,Red Bull,1,1:19.295,1:18.793,1:27.999
2022,4,Emilia Romagna Grand Prix,imola,Autodromo Enzo e Dino Ferrari,2022-04-24,leclerc,LEC,Charles,Leclerc,ferrari,Ferrari,2,1:18.796,1:19.584,1:28.778
2022,4,Emilia Romagna Grand Prix,imola,Autodromo Enzo e Dino Ferrari,2022-04-24,norris,NOR,Lando,Norris,mclaren,McLaren,3,1:20.168,1:19.294,1:29.131
2022,4,Emilia Romagna Grand Prix,imola,Autodromo Enzo e Dino Ferrari,2022-04-24,kevin_magnussen,MAG,Kevin,Magnussen,haas,Haas F1 Team,4,1:20.147,1:19.902,1:29.164
2022,4,Emilia Romagna Grand Prix,imola,Autodromo Enzo e Dino Ferrari,2022-04-24,alonso,ALO,Fernando,Alonso,alpine,Alpine F1 Team,5,1:20.198,1:19.595,1:29.202
2022,4,Emilia Romagna Grand Prix,imola,Autodromo Enzo e Dino Ferrari,2022-04-24,ricciardo,RIC,Daniel,Ricciardo,mclaren,McLaren,6,1:19.980,1:20.031,1:29.742
2022,4,Emilia Romagna Grand Prix,imola,Autodromo Enzo e Dino Ferrari,2022-04-24,perez,PER,Sergio,Pérez,red_bull,Red Bull,7,1:19.773,1:19.296,1:29.808
2022,4,Emilia Romagna Grand Prix,imola,Autodromo Enzo e Dino Ferrari,2022-04-24,bottas,BOT,Valtteri,Bottas,alfa,Alfa Romeo,8,1:20.419,1:20.192,1:30.439
2022,4,Emilia Romagna Grand Prix,imola,Autodromo Enzo e Dino Ferrari,2022-04-24,vettel,VET,Sebastian,Vettel,aston_martin,Aston Martin,9,1:20.364,1:19.957,1:31.062
2022,4,Emilia Romagna Grand Prix,imola,Autodromo Enzo e Dino Ferrari,2022-04-24,sainz,SAI,Carlos,Sainz,ferrari,Ferrari,10,1:19.305,1:18.990,
2022,4,Emilia Romagna Grand Prix,imola,Autodromo Enzo e Dino Ferrari,2022-04-24,russell,RUS,George,Russell,mercedes,Mercedes,11,1:20.383,1:20.757,
2022,4,Emilia Romagna Grand Prix,imola,Autodromo Enzo e Dino Ferrari,2022-04-24,mick_schumacher,MSC,Mick,Schumacher,haas,Haas F1 Team,12,1:20.422,1:20.916,
2022,4,Emilia Romagna Grand Prix,imola,Autodromo Enzo e Dino Ferrari,2022-04-24,hamilton,HAM,Lewis,Hamilton,mercedes,Mercedes,13,1:20.470,1:21.138,
2022,4,Emilia Romagna Grand Prix,imola,Autodromo Enzo e Dino Ferrari,2022-04-24,zhou,ZHO,Guanyu,Zhou,alfa,Alfa Romeo,14,1:19.730,1:21.434,
2022,4,Emilia Romagna Grand Prix,imola,Autodromo Enzo e Dino Ferrari,2022-04-24,stroll,STR,Lance,Stroll,aston_martin,Aston Martin,15,1:20.342,1:28.119,
2022,4,Emilia Romagna Grand Prix,imola,Autodromo Enzo e Dino Ferrari,2022-04-24,tsunoda,TSU,Yuki,Tsunoda,alphatauri,AlphaTauri,16,1:20.474,,
2022,4,Emilia Romagna Grand Prix,imola,Autodromo Enzo e Dino Ferrari,2022-04-24,gasly,GAS,Pierre,Gasly,alphatauri,AlphaTauri,17,1:20.732,,
2022,4,Emilia Romagna Grand Prix,imola,Autodromo Enzo e Dino Ferrari,2022-04-24,latifi,LAT,Nicholas,Latifi,williams,Williams,18,1:21.971,,
2022,4,Emilia Romagna Grand Prix,imola,Autodromo Enzo e Dino Ferrari,2022-04-24,ocon,OCO,Esteban,Ocon,alpine,Alpine F1 Team,19,1:22.338,,
2022,4,Emilia Romagna Grand Prix,imola,Autodromo Enzo e Dino Ferrari,2022-04-24,albon,ALB,Alexander,Albon,williams,Williams,20,,,
2022,5,Miami Grand Prix,miami,Miami International Autodrome,2022-05-08,leclerc,LEC,Charles,Leclerc,ferrari,Ferrari,1,1:29.474,1:29.130,1:28.796
2022,5,Miami Grand Prix,miami,Miami International Autodrome,2022-05-08,sainz,SAI,Carlos,Sainz,ferrari,Ferrari,2,1:30.079,1:29.729,1:28.986
2022,5,Miami Grand Prix,miami,Miami International Autodrome,2022-05-08,max_verstappen,VER,Max,Verstappen,red_bull,Red Bull,3,1:29.836,1:29.202,1:28.991
2022,5,Miami Grand Prix,miami,Miami International Autodrome,2022-05-08,perez,PER,Sergio,Pérez,red_bull,Red Bull,4,1:30.055,1:29.673,1:29.036
2022,5,Miami Grand Prix,miami,Miami International Autodrome,2022-05-08,bottas,BOT,Valtteri,Bottas,alfa,Alfa Romeo,5,1:30.845,1:29.751,1:29.475
2022,5,Miami Grand Prix,miami,Miami International Autodrome,2022-05-08,hamilton,HAM,Lewis,Hamilton,mercedes,Mercedes,6,1:30.388,1:29.797,1:29.625
2022,5,Miami Grand Prix,miami,Miami International Autodrome,2022-05-08,gasly,GAS,Pierre,Gasly,alphatauri,AlphaTauri,7,1:30.779,1:30.128,1:29.690
2022,5,Miami Grand Prix,miami,Miami International Autodrome,2022-05-08,norris,NOR,Lando,Norris,mclaren,McLaren,8,1:30.761,1:29.634,1:29.750
2022,5,Miami Grand Prix,miami,Miami International Autodrome,2022-05-08,tsunoda,TSU,Yuki,Tsunoda,alphatauri,AlphaTauri,9,1:30.485,1:30.031,1:29.932
2022,5,Miami Grand Prix,miami,Miami International Autodrome,2022-05-08,stroll,STR,Lance,Stroll,aston_martin,Aston Martin,10,1:30.441,1:29.996,1:30.676
2022,5,Miami Grand Prix,miami,Miami International Autodrome,2022-05-08,alonso,ALO,Fernando,Alonso,alpine,Alpine F1 Team,11,1:30.407,1:30.160,
2022,5,Miami Grand Prix,miami,Miami International Autodrome,2022-05-08,russell,RUS,George,Russell,mercedes,Mercedes,12,1:30.490,1:30.173,
2022,5,Miami Grand Prix,miami,Miami International Autodrome,2022-05-08,vettel,VET,Sebastian,Vettel,aston_martin,Aston Martin,13,1:30.677,1:30.214,
2022,5,Miami Grand Prix,miami,Miami International Autodrome,2022-05-08,ricciardo,RIC,Daniel,Ricciardo,mclaren,McLaren,14,1:30.583,1:30.310,
2022,5,Miami Grand Prix,miami,Miami International Autodrome,2022-05-08,mick_schumacher,MSC,Mick,Schumacher,haas,Haas F1 Team,15,1:30.645,1:30.423,
2022,5,Miami Grand Prix,miami,Miami International Autodrome,2022-05-08,kevin_magnussen,MAG,Kevin,Magnussen,haas,Haas F1 Team,16,1:30.975,,
2022,5,Miami Grand Prix,miami,Miami International Autodrome,2022-05-08,zhou,ZHO,Guanyu,Zhou,alfa,Alfa Romeo,17,1:31.020,,
2022,5,Miami Grand Prix,miami,Miami International Autodrome,2022-05-08,albon,ALB,Alexander,Albon,williams,Williams,18,1:31.266,,
2022,5,Miami Grand Prix,miami,Miami International Autodrome,2022-05-08,latifi,LAT,Nicholas,Latifi,williams,Williams,19,1:31.325,,
2022,5,Miami Grand Prix,miami,Miami International Autodrome,2022-05-08,ocon,OCO,Esteban,Ocon,alpine,Alpine F1 Team,20,,,
2023,1,Bahrain Grand Prix,bahrain,Bahrain International Circuit,2023-03-05,max_verstappen,VER,Max,Verstappen,red_bull,Red Bull,1,1:31.295,1:30.503,1:29.708
2023,1,Bahrain Grand Prix,bahrain,Bahrain International Circuit,2023-03-05,perez,PER,Sergio,Pérez,red_bull,Red Bull,2,1:31.479,1:30.746,1:29.846
2023,1,Bahrain Grand Prix,bahrain,Bahrain International Circuit,2023-03-05,leclerc,LEC,Charles,Leclerc,ferrari,Ferrari,3,1:31.094,1:30.282,1:30.000
2023,1,Bahrain Grand Prix,bahrain,Bahrain International Circuit,2023-03-05,sainz,SAI,Carlos,Sainz,ferrari,Ferrari,4,1:30.993,1:30.515,1:30.154
2023,1,Bahrain Grand Prix,bahrain,Bahrain International Circuit,2023-03-05,alonso,ALO,Fernando,Alonso,aston_martin,Aston Martin,5,1:31.158,1:30.645,1:30.336
2023,1,Bahrain Grand Prix,bahrain,Bahrain International Circuit,2023-03-05,russell,RUS,George,Russell,mercedes,Mercedes,6,1:31.057,1:30.507,1:30.340
2023,1,Bahrain Grand Prix,bahrain,Bahrain International Circuit,2023-03-05,hamilton,HAM,Lewis,Hamilton,mercedes,Mercedes,7,1:31.543,1:30.513,1:30.384
2023,1,Bahrain Grand Prix,bahrain,Bahrain International Circuit,2023-03-05,stroll,STR,Lance,Stroll,aston_martin,Aston Martin,8,1:31.184,1:31.127,1:30.836
2023,1,Bahrain Grand Prix,bahrain,Bahrain International Circuit,2023-03-05,ocon,OCO,Esteban,Ocon,alpine,Alpine F1 Team,9,1:31.508,1:30.914,1:30.984
2023,1,Bahrain Grand Prix,bahrain,Bahrain International Circuit,2023-03-05,hulkenberg,HUL,Nico,Hülkenberg,haas,Haas F1 Team,10,1:31.204,1:30.809,
2023,1,Bahrain Grand Prix,bahrain,Bahrain International Circuit,2023-03-05,norris,NOR,Lando,Norris,mclaren,McLaren,11,1:31.652,1:31.381,
2023,1,Bahrain Grand Prix,bahrain,Bahrain International Circuit,2023-03-05,bottas,BOT,Valtteri,Bottas,alfa,Alfa Romeo,12,1:31.504,1:31.443,
2023,1,Bahrain Grand Prix,bahrain,Bahrain International Circuit,2023-03-05,zhou,ZHO,Guanyu,Zhou,alfa,Alfa Romeo,13,1:31.615,1:31.473,
2023,1,Bahrain Grand Prix,bahrain,Bahrain International Circuit,2023-03-05,tsunoda,TSU,Yuki,Tsunoda,alphatauri,AlphaTauri,14,1:31.400,1:32.510,
2023,1,Bahrain Grand Prix,bahrain,Bahrain International Circuit,2023-03-05,albon,ALB,Alexander,Albon,williams,Williams,15,1:31.461,,
2023,1,Bahrain Grand Prix,bahrain,Bahrain International Circuit,2023-03-05,sargeant,SAR,Logan,Sargeant,williams,Williams,16,1:31.652,,
2023,1,Bahrain Grand Prix,bahrain,Bahrain International Circuit,2023-03-05,kevin_magnussen,MAG,Kevin,Magnussen,haas,Haas F1 Team,17,1:31.892,,
2023,1,Bahrain Grand Prix,bahrain,Bahrain International Circuit,2023-03-05,piastri,PIA,Oscar,Piastri,mclaren,McLaren,18,1:32.101,,
2023,1,Bahrain Grand Prix,bahrain,Bahrain International Circuit,2023-03-05,de_vries,DEV,Nyck,de Vries,alphatauri,AlphaTauri,19,1:32.121,,
2023,1,Bahrain Grand Prix,bahrain,Bahrain International Circuit,2023-03-05,gasly,GAS,Pierre,Gasly,alpine,Alpine F1 Team,20,1:32.181,,
2023,2,Saudi Arabian Grand Prix,jeddah,Jeddah Corniche Circuit,2023-03-19,perez,PER,Sergio,Pérez,red_bull,Red Bull,1,1:29.244,1:28.635,1:28.265
2023,2,Saudi Arabian Grand Prix,jeddah,Jeddah Corniche Circuit,2023-03-19,leclerc,LEC,Charles,Leclerc,ferrari,Ferrari,2,1:29.376,1:28.903,1:28.420
2023,2,Saudi Arabian Grand Prix,jeddah,Jeddah Corniche Circuit,2023-03-19,alonso,ALO,Fernando,Alonso,aston_martin,Aston Martin,3,1:29.298,1:28.757,1:28.730
2023,2,Saudi Arabian Grand Prix,jeddah,Jeddah Corniche Circuit,2023-03-19,russell,RUS,George,Russell,mercedes,Mercedes,4,1:29.592,1:29.132,1:28.857
2023,2,Saudi Arabian Grand Prix,jeddah,Jeddah Corniche Circuit,2023-03-19,sainz,SAI,Carlos,Sainz,ferrari,Ferrari,5,1:29.411,1:28.957,1:28.931
2023,2,Saudi Arabian Grand Prix,jeddah,Jeddah Corniche Circuit,2023-03-19,stroll,STR,Lance,Stroll,aston_martin,Aston Martin,6,1:29.335,1:28.962,1:28.945
2023,2,Saudi Arabian Grand Prix,jeddah,Jeddah Corniche Circuit,2023-03-19,ocon,OCO,Esteban,Ocon,alpine,Alpine F1 Team,7,1:29.707,1:29.255,1:29.078
2023,2,Saudi Arabian Grand Prix,jeddah,Jeddah Corniche Circuit,2023-03-19,hamilton,HAM,Lewis,Hamilton,mercedes,Mercedes,8,1:29.689,1:29.374,1:29.223
2023,2,Saudi Arabian Grand Prix,jeddah,Jeddah Corniche Circuit,2023-03-19,piastri,PIA,Oscar,Piastri,mclaren,McLaren,9,1:29.706,1:29.378,1:29.243
2023,2,Saudi Arabian Grand Prix,jeddah,Jeddah Corniche Circuit,2023-03-19,gasly,GAS,Pierre,Gasly,alpine,Alpine F1 Team,10,1:29.890,1:29.411,1:29.357
2023,2,Saudi Arabian Grand Prix,jeddah,Jeddah Corniche Circuit,2023-03-19,hulkenberg,HUL,Nico,Hülkenberg,haas,Haas F1 Team,11,1:29.547,1:29.451,
2023,2,Saudi Arabian Grand Prix,jeddah,Jeddah Corniche Circuit,2023-03-19,zhou,ZHO,Guanyu,Zhou,alfa,Alfa Romeo,12,1:29.654,1:29.461,
2023,2,Saudi Arabian Grand Prix,jeddah,Jeddah Corniche Circuit,2023-03-19,kevin_magnussen,MAG,Kevin,Magnussen,haas,Haas F1 Team,13,1:29.744,1:29.634,
2023,2,Saudi Arabian Grand Prix,jeddah,Jeddah Corniche Circuit,2023-03-19,bottas,BOT,Valtteri,Bottas,alfa,Alfa Romeo,14,1:29.929,1:29.668,
2023,2,Saudi Arabian Grand Prix,jeddah,Jeddah Corniche Circuit,2023-03-19,max_verstappen,VER,Max,Verstappen,red_bull,Red Bull,15,1:28.761,1:49.953,
2023,2,Saudi Arabian Grand Prix,jeddah,Jeddah Corniche Circuit,2023-03-19,tsunoda,TSU,Yuki,Tsunoda,alphatauri,AlphaTauri,16,1:29.939,,
2023,2,Saudi Arabian Grand Prix,jeddah,Jeddah Corniche Circuit,2023-03-19,albon,ALB,Alexander,Albon,williams,Williams,17,1:29.994,,
2023,2,Saudi Arabian Grand Prix,jeddah,Jeddah Corniche Circuit,2023-03-19,de_vries,DEV,Nyck,de Vries,alphatauri,AlphaTauri,18,1:30.244,,
2023,2,Saudi Arabian Grand Prix,jeddah,Jeddah Corniche Circuit,2023-03-19,norris,NOR,Lando,Norris,mclaren,McLaren,19,1:30.447,,
2023,2,Saudi Arabian Grand Prix,jeddah,Jeddah Corniche Circuit,2023-03-19,sargeant,SAR,Logan,Sargeant,williams,Williams,20,2:08.510,,
2023,3,Australian Grand Prix,albert_park,Albert Park Grand Prix Circuit,2023-04-02,max_verstappen,VER,Max,Verstappen,red_bull,Red Bull,1,1:17.384,1:17.056,1:16.732
2023,3,Australian Grand Prix,albert_park,Albert Park Grand Prix Circuit,2023-04-02,russell,RUS,George,Russell,mercedes,Mercedes,2,1:17.654,1:17.513,1:16.968
2023,3,Australian Grand Prix,albert_park,Albert Park Grand Prix Circuit,2023-04-02,hamilton,HAM,Lewis,Hamilton,mercedes,Mercedes,3,1:17.689,1:17.551,1:17.104
2023,3,Australian Grand Prix,albert_park,Albert Park Grand Prix Circuit,2023-04-02,alonso,ALO,Fernando,Alonso,aston_martin,Aston Martin,4,1:17.832,1:17.283,1:17.139
2023,3,Australian Grand Prix,albert_park,Albert Park Grand Prix Circuit,2023-04-02,sainz,SAI,Carlos,Sainz,ferrari,Ferrari,5,1:17.928,1:17.349,1:17.270
2023,3,Australian Grand Prix,albert_park,Albert Park Grand Prix Circuit,2023-04-02,stroll,STR,Lance,Stroll,aston_martin,Aston Martin,6,1:17.873,1:17.616,1:17.308
2023,3,Australian Grand Prix,albert_park,Albert Park Grand Prix Circuit,2023-04-02,leclerc,LEC,Charles,Leclerc,ferrari,Ferrari,7,1:18.218,1:17.390,1:17.369
2023,3,Australian Grand Prix,albert_park,Albert Park Grand Prix Circuit,2023-04-02,albon,ALB,Alexander,Albon,williams,Williams,8,1:17.962,1:17.761,1:17.609
2023,3,Australian Grand Prix,albert_park,Albert Park Grand Prix Circuit,2023-04-02,gasly,GAS,Pierre,Gasly,alpine,Alpine F1 Team,9,1:18.312,1:17.574,1:17.675
2023,3,Australian Grand Prix,albert_park,Albert Park Grand Prix Circuit,2023-04-02,hulkenberg,HUL,Nico,Hülkenberg,haas,Haas F1 Team,10,1:18.029,1:17.412,1:17.735
2023,3,Australian Grand Prix,albert_park,Albert Park Grand Prix Circuit,2023-04-02,ocon,OCO,Esteban,Ocon,alpine,Alpine F1 Team,11,1:17.770,1:17.768,
2023,3,Australian Grand Prix,albert_park,Albert Park Grand Prix Circuit,2023-04-02,tsunoda,TSU,Yuki,Tsunoda,alphatauri,AlphaTauri,12,1:18.471,1:18.099,
2023,3,Australian Grand Prix,albert_park,Albert Park Grand Prix Circuit,2023-04-02,norris,NOR,Lando,Norris,mclaren,McLaren,13,1:18.243,1:18.119,
2023,3,Australian Grand Prix,albert_park,Albert Park Grand Prix Circuit,2023-04-02,kevin_magnussen,MAG,Kevin,Magnussen,haas,Haas F1 Team,14,1:18.159,1:18.129,
2023,3,Australian Grand Prix,albert_park,Albert Park Grand Prix Circuit,2023-04-02,de_vries,DEV,Nyck,de Vries,alphatauri,AlphaTauri,15,1:18.450,1:18.335,
2023,3,Australian Grand Prix,albert_park,Albert Park Grand Prix Circuit,2023-04-02,piastri,PIA,Oscar,Piastri,mclaren,McLaren,16,1:18.517,,
2023,3,Australian Grand Prix,albert_park,Albert Park Grand Prix Circuit,2023-04-02,zhou,ZHO,Guanyu,Zhou,alfa,Alfa Romeo,17,1:18.540,,
2023,3,Australian Grand Prix,albert_park,Albert Park Grand Prix Circuit,2023-04-02,sargeant,SAR,Logan,Sargeant,williams,Williams,18,1:18.557,,
2023,3,Australian Grand Prix,albert_park,Albert Park Grand Prix Circuit,2023-04-02,bottas,BOT,Valtteri,Bottas,alfa,Alfa Romeo,19,1:18.714,,
2023,3,Australian Grand Prix,albert_park,Albert Park Grand Prix Circuit,2023-04-02,perez,PER,Sergio,Pérez,red_bull,Red Bull,20,,,
2023,4,Azerbaijan Grand Prix,baku,Baku City Circuit,2023-04-30,leclerc,LEC,Charles,Leclerc,ferrari,Ferrari,1,1:41.269,1:41.037,1:40.203
2023,4,Azerbaijan Grand Prix,baku,Baku City Circuit,2023-04-30,max_verstappen,VER,Max,Verstappen,red_bull,Red Bull,2,1:41.398,1:40.822,1:40.391
2023,4,Azerbaijan Grand Prix,baku,Baku City Circuit,2023-04-30,perez,PER,Sergio,Pérez,red_bull,Red Bull,3,1:41.756,1:41.131,1:40.495
2023,4,Azerbaijan Grand Prix,baku,Baku City Circuit,2023-04-30,sainz,SAI,Carlos,Sainz,ferrari,Ferrari,4,1:42.197,1:41.369,1:41.016
2023,4,Azerbaijan Grand Prix,baku,Baku City Circuit,2023-04-30,hamilton,HAM,Lewis,Hamilton,mercedes,Mercedes,5,1:42.113,1:41.650,1:41.177
2023,4,Azerbaijan Grand Prix,baku,Baku City Circuit,2023-04-30,alonso,ALO,Fernando,Alonso,aston_martin,Aston Martin,6,1:41.720,1:41.370,1:41.253
2023,4,Azerbaijan Grand Prix,baku,Baku City Circuit,2023-04-30,norris,NOR,Lando,Norris,mclaren,McLaren,7,1:42.154,1:41.485,1:41.281
2023,4,Azerbaijan Grand Prix,baku,Baku City Circuit,2023-04-30,tsunoda,TSU,Yuki,Tsunoda,alphatauri,AlphaTauri,8,1:42.234,1:41.569,1:41.581
2023,4,Azerbaijan Grand Prix,baku,Baku City Circuit,2023-04-30,stroll,STR,Lance,Stroll,aston_martin,Aston Martin,9,1:42.524,1:41.576,1:41.611
2023,4,Azerbaijan Grand Prix,baku,Baku City Circuit,2023-04-30,piastri,PIA,Oscar,Piastri,mclaren,McLaren,10,1:42.455,1:41.636,1:41.611
2023,4,Azerbaijan Grand Prix,baku,Baku City Circuit,2023-04-30,russell,RUS,George,Russell,mercedes,Mercedes,11,1:42.073,1:41.654,
2023,4,Azerbaijan Grand Prix,baku,Baku City Circuit,2023-04-30,ocon,OCO,Esteban,Ocon,alpine,Alpine F1 Team,12,1:42.622,1:41.798,
2023,4,Azerbaijan Grand Prix,baku,Baku City Circuit,2023-04-30,albon,ALB,Alexander,Albon,williams,Williams,13,1:42.171,1:41.818,
2023,4,Azerbaijan Grand Prix,baku,Baku City Circuit,2023-04-30,bottas,BOT,Valtteri,Bottas,alfa,Alfa Romeo,14,1:42.582,1:42.259,
2023,4,Azerbaijan Grand Prix,baku,Baku City Circuit,2023-04-30,sargeant,SAR,Logan,Sargeant,williams,Williams,15,1:42.242,1:42.395,
2023,4,Azerbaijan Grand Prix,baku,Baku City Circuit,2023-04-30,zhou,ZHO,Guanyu,Zhou,alfa,Alfa Romeo,16,1:42.642,,
2023,4,Azerbaijan Grand Prix,baku,Baku City Circuit,2023-04-30,hulkenberg,HUL,Nico,Hülkenberg,haas,Haas F1 Team,17,1:42.755,,
2023,4,Azerbaijan Grand Prix,baku,Baku City Circuit,2023-04-30,kevin_magnussen,MAG,Kevin,Magnussen,haas,Haas F1 Team,18,1:43.417,,
2023,4,Azerbaijan Grand Prix,baku,Baku City Circuit,2023-04-30,gasly,GAS,Pierre,Gasly,alpine,Alpine F1 Team,19,1:44.853,,
2023,4,Azerbaijan Grand Prix,baku,Baku City Circuit,2023-04-30,de_vries,DEV,Nyck,de Vries,alphatauri,AlphaTauri,20,1:55.282,,
2023,5,Miami Grand Prix,miami,Miami International Autodrome,2023-05-07,perez,PER,Sergio,Pérez,red_bull,Red Bull,1,1:27.713,1:27.328,1:26.841
2023,5,Miami Grand Prix,miami,Miami International Autodrome,2023-05-07,alonso,ALO,Fernando,Alonso,aston_martin,Aston Martin,2,1:28.179,1:27.097,1:27.202
2023,5,Miami Grand Prix,miami,Miami International Autodrome,2023-05-07,sainz,SAI,Carlos,Sainz,ferrari,Ferrari,3,1:27.686,1:27.148,1:27.349
2023,5,Miami Grand Prix,miami,Miami International Autodrome,2023-05-07,kevin_magnussen,MAG,Kevin,Magnussen,haas,Haas F1 Team,4,1:27.809,1:27.673,1:27.767
2023,5,Miami Grand Prix,miami,Miami International Autodrome,2023-05-07,gasly,GAS,Pierre,Gasly,alpine,Alpine F1 Team,5,1:28.061,1:27.612,1:27.786
2023,5,Miami Grand Prix,miami,Miami International Autodrome,2023-05-07,russell,RUS,George,Russell,mercedes,Mercedes,6,1:28.086,1:27.743,1:27.804
2023,5,Miami Grand Prix,miami,Miami International Autodrome,2023-05-07,leclerc,LEC,Charles,Leclerc,ferrari,Ferrari,7,1:27.713,1:26.964,1:27.861
2023,5,Miami Grand Prix,miami,Miami International Autodrome,2023-05-07,ocon,OCO,Esteban,Ocon,alpine,Alpine F1 Team,8,1:27.872,1:27.444,1:27.935
2023,5,Miami Grand Prix,miami,Miami International Autodrome,2023-05-07,max_verstappen,VER,Max,Verstappen,red_bull,Red Bull,9,1:27.363,1:26.814,
2023,5,Miami Grand Prix,miami,Miami International Autodrome,2023-05-07,bottas,BOT,Valtteri,Bottas,alfa,Alfa Romeo,10,1:27.864,1:27.564,
2023,5,Miami Grand Prix,miami,Miami International Autodrome,2023-05-07,albon,ALB,Alexander,Albon,williams,Williams,11,1:28.234,1:27.795,
2023,5,Miami Grand Prix,miami,Miami International Autodrome,2023-05-07,hulkenberg,HUL,Nico,Hülkenberg,haas,Haas F1 Team,12,1:27.945,1:27.903,
2023,5,Miami Grand Prix,miami,Miami International Autodrome,2023-05-07,hamilton,HAM,Lewis,Hamilton,mercedes,Mercedes,13,1:27.846,1:27.975,
2023,5,Miami Grand Prix,miami,Miami International Autodrome,2023-05-07,zhou,ZHO,Guanyu,Zhou,alfa,Alfa Romeo,14,1:28.180,1:28.091,
2023,5,Miami Grand Prix,miami,Miami International Autodrome,2023-05-07,de_vries,DEV,Nyck,de Vries,alphatauri,AlphaTauri,15,1:28.325,1:28.395,
2023,5,Miami Grand Prix,miami,Miami International Autodrome,2023-05-07,norris,NOR,Lando,Norris,mclaren,McLaren,16,1:28.394,,
2023,5,Miami Grand Prix,miami,Miami International Autodrome,2023-05-07,tsunoda,TSU,Yuki,Tsunoda,alphatauri,AlphaTauri,17,1:28.429,,
2023,5,Miami Grand Prix,miami,Miami International Autodrome,2023-05-07,stroll,STR,Lance,Stroll,aston_martin,Aston Martin,18,1:28.476,,
2023,5,Miami Grand Prix,miami,Miami International Autodrome,2023-05-07,piastri,PIA,Oscar,Piastri,mclaren,McLaren,19,1:28.484,,
2023,5,Miami Grand Prix,miami,Miami International Autodrome,2023-05-07,sargeant,SAR,Logan,Sargeant,williams,Williams,20,1:28.577,,
2024,1,Bahrain Grand Prix,bahrain,Bahrain International Circuit,2024-03-02,max_verstappen,VER,Max,Verstappen,red_bull,Red Bull,1,1:30.031,1:29.374,1:29.179
2024,1,Bahrain Grand Prix,bahrain,Bahrain International Circuit,2024-03-02,leclerc,LEC,Charles,Leclerc,ferrari,Ferrari,2,1:30.243,1:29.165,1:29.407
2024,1,Bahrain Grand Prix,bahrain,Bahrain International Circuit,2024-03-02,russell,RUS,George,Russell,mercedes,Mercedes,3,1:30.350,1:29.922,1:29.485
2024,1,Bahrain Grand Prix,bahrain,Bahrain International Circuit,2024-03-02,sainz,SAI,Carlos,Sainz,ferrari,Ferrari,4,1:29.909,1:29.573,1:29.507
2024,1,Bahrain Grand Prix,bahrain,Bahrain International Circuit,2024-03-02,perez,PER,Sergio,Pérez,red_bull,Red Bull,5,1:30.221,1:29.932,1:29.537
2024,1,Bahrain Grand Prix,bahrain,Bahrain International Circuit,2024-03-02,alonso,ALO,Fernando,Alonso,aston_martin,Aston Martin,6,1:30.179,1:29.801,1:29.542
2024,1,Bahrain Grand Prix,bahrain,Bahrain International Circuit,2024-03-02,norris,NOR,Lando,Norris,mclaren,McLaren,7,1:30.143,1:29.941,1:29.614
2024,1,Bahrain Grand Prix,bahrain,Bahrain International Circuit,2024-03-02,piastri,PIA,Oscar,Piastri,mclaren,McLaren,8,1:30.531,1:30.122,1:29.683
2024,1,Bahrain Grand Prix,bahrain,Bahrain International Circuit,2024-03-02,hamilton,HAM,Lewis,Hamilton,mercedes,Mercedes,9,1:30.451,1:29.718,1:29.710
2024,1,Bahrain Grand Prix,bahrain,Bahrain International Circuit,2024-03-02,hulkenberg,HUL,Nico,Hülkenberg,haas,Haas F1 Team,10,1:30.566,1:29.851,1:30.502
2024,1,Bahrain Grand Prix,bahrain,Bahrain International Circuit,2024-03-02,tsunoda,TSU,Yuki,Tsunoda,rb,RB F1 Team,11,1:30.481,1:30.129,
2024,1,Bahrain Grand Prix,bahrain,Bahrain International Circuit,2024-03-02,stroll,STR,Lance,Stroll,aston_martin,Aston Martin,12,1:29.965,1:30.200,
2024,1,Bahrain Grand Prix,bahrain,Bahrain International Circuit,2024-03-02,albon,ALB,Alexander,Albon,williams,Williams,13,1:30.397,1:30.221,
2024,1,Bahrain Grand Prix,bahrain,Bahrain International Circuit,2024-03-02,ricciardo,RIC,Daniel,Ricciardo,rb,RB F1 Team,14,1:30.562,1:30.278,
2024,1,Bahrain Grand Prix,bahrain,Bahrain International Circuit,2024-03-02,kevin_magnussen,MAG,Kevin,Magnussen,haas,Haas F1 Team,15,1:30.646,1:30.529,
2024,1,Bahrain Grand Prix,bahrain,Bahrain International Circuit,2024-03-02,bottas,BOT,Valtteri,Bottas,sauber,Sauber,16,1:30.756,,
2024,1,Bahrain Grand Prix,bahrain,Bahrain International Circuit,2024-03-02,zhou,ZHO,Guanyu,Zhou,sauber,Sauber,17,1:30.757,,
2024,1,Bahrain Grand Prix,bahrain,Bahrain International Circuit,2024-03-02,sargeant,SAR,Logan,Sargeant,williams,Williams,18,1:30.770,,
2024,1,Bahrain Grand Prix,bahrain,Bahrain International Circuit,2024-03-02,ocon,OCO,Esteban,Ocon,alpine,Alpine F1 Team,19,1:30.793,,
2024,1,Bahrain Grand Prix,bahrain,Bahrain International Circuit,2024-03-02,gasly,GAS,Pierre,Gasly,alpine,Alpine F1 Team,20,1:30.948,,
2024,2,Saudi Arabian Grand Prix,jeddah,Jeddah Corniche Circuit,2024-03-09,max_verstappen,VER,Max,Verstappen,red_bull,Red Bull,1,1:28.171,1:28.033,1:27.472
2024,2,Saudi Arabian Grand Prix,jeddah,Jeddah Corniche Circuit,2024-03-09,leclerc,LEC,Charles,Leclerc,ferrari,Ferrari,2,1:28.318,1:28.112,1:27.791
2024,2,Saudi Arabian Grand Prix,jeddah,Jeddah Corniche Circuit,2024-03-09,perez,PER,Sergio,Pérez,red_bull,Red Bull,3,1:28.638,1:28.467,1:27.807
2024,2,Saudi Arabian Grand Prix,jeddah,Jeddah Corniche Circuit,2024-03-09,alonso,ALO,Fernando,Alonso,aston_martin,Aston Martin,4,1:28.706,1:28.122,1:27.846
2024,2,Saudi Arabian Grand Prix,jeddah,Jeddah Corniche Circuit,2024-03-09,piastri,PIA,Oscar,Piastri,mclaren,McLaren,5,1:28.755,1:28.343,1:28.089
2024,2,Saudi Arabian Grand Prix,jeddah,Jeddah Corniche Circuit,2024-03-09,norris,NOR,Lando,Norris,mclaren,McLaren,6,1:28.805,1:28.479,1:28.132
2024,2,Saudi Arabian Grand Prix,jeddah,Jeddah Corniche Circuit,2024-03-09,russell,RUS,George,Russell,mercedes,Mercedes,7,1:28.749,1:28.448,1:28.316
2024,2,Saudi Arabian Grand Prix,jeddah,Jeddah Corniche Circuit,2024-03-09,hamilton,HAM,Lewis,Hamilton,mercedes,Mercedes,8,1:28.994,1:28.606,1:28.460
2024,2,Saudi Arabian Grand Prix,jeddah,Jeddah Corniche Circuit,2024-03-09,tsunoda,TSU,Yuki,Tsunoda,rb,RB F1 Team,9,1:28.988,1:28.564,1:28.547
2024,2,Saudi Arabian Grand Prix,jeddah,Jeddah Corniche Circuit,2024-03-09,stroll,STR,Lance,Stroll,aston_martin,Aston Martin,10,1:28.250,1:28.578,1:28.572
2024,2,Saudi Arabian Grand Prix,jeddah,Jeddah Corniche Circuit,2024-03-09,bearman,BEA,Oliver,Bearman,ferrari,Ferrari,11,1:28.984,1:28.642,
2024,2,Saudi Arabian Grand Prix,jeddah,Jeddah Corniche Circuit,2024-03-09,albon,ALB,Alexander,Albon,williams,Williams,12,1:29.107,1:28.980,
2024,2,Saudi Arabian Grand Prix,jeddah,Jeddah Corniche Circuit,2024-03-09,kevin_magnussen,MAG,Kevin,Magnussen,haas,Haas F1 Team,13,1:29.069,1:29.020,
2024,2,Saudi Arabian Grand Prix,jeddah,Jeddah Corniche Circuit,2024-03-09,ricciardo,RIC,Daniel,Ricciardo,rb,RB F1 Team,14,1:29.065,1:29.025,
2024,2,Saudi Arabian Grand Prix,jeddah,Jeddah Corniche Circuit,2024-03-09,hulkenberg,HUL,Nico,Hülkenberg,haas,Haas F1 Team,15,1:29.055,,
2024,2,Saudi Arabian Grand Prix,jeddah,Jeddah Corniche Circuit,2024-03-09,bottas,BOT,Valtteri,Bottas,sauber,Sauber,16,1:29.179,,
2024,2,Saudi Arabian Grand Prix,jeddah,Jeddah Corniche Circuit,2024-03-09,ocon,OCO,Esteban,Ocon,alpine,Alpine F1 Team,17,1:29.475,,
2024,2,Saudi Arabian Grand Prix,jeddah,Jeddah Corniche Circuit,2024-03-09,gasly,GAS,Pierre,Gasly,alpine,Alpine F1 Team,18,1:29.479,,
2024,2,Saudi Arabian Grand Prix,jeddah,Jeddah Corniche Circuit,2024-03-09,sargeant,SAR,Logan,Sargeant,williams,Williams,19,1:29.526,,
2024,2,Saudi Arabian Grand Prix,jeddah,Jeddah Corniche Circuit,2024-03-09,zhou,ZHO,Guanyu,Zhou,sauber,Sauber,20,,,
2024,3,Australian Grand Prix,albert_park,Albert Park Grand Prix Circuit,2024-03-24,max_verstappen,VER,Max,Verstappen,red_bull,Red Bull,1,1:16.819,1:16.387,1:15.915
2024,3,Australian Grand Prix,albert_park,Albert Park Grand Prix Circuit,2024-03-24,sainz,SAI,Carlos,Sainz,ferrari,Ferrari,2,1:16.731,1:16.189,1:16.185
2024,3,Australian Grand Prix,albert_park,Albert Park Grand Prix Circuit,2024-03-24,perez,PER,Sergio,Pérez,red_bull,Red Bull,3,1:16.805,1:16.631,1:16.274
2024,3,Australian Grand Prix,albert_park,Albert Park Grand Prix Circuit,2024-03-24,norris,NOR,Lando,Norris,mclaren,McLaren,4,1:17.430,1:16.750,1:16.315
2024,3,Australian Grand Prix,albert_park,Albert Park Grand Prix Circuit,2024-03-24,leclerc,LEC,Charles,Leclerc,ferrari,Ferrari,5,1:16.984,1:16.304,1:16.435
2024,3,Australian Grand Prix,albert_park,Albert Park Grand Prix Circuit,2024-03-24,piastri,PIA,Oscar,Piastri,mclaren,McLaren,6,1:17.369,1:16.601,1:16.572
2024,3,Australian Grand Prix,albert_park,Albert Park Grand Prix Circuit,2024-03-24,russell,RUS,George,Russell,mercedes,Mercedes,7,1:17.062,1:16.901,1:16.724
2024,3,Australian Grand Prix,albert_park,Albert Park Grand Prix Circuit,2024-03-24,tsunoda,TSU,Yuki,Tsunoda,rb,RB F1 Team,8,1:17.356,1:16.791,1:16.788
2024,3,Australian Grand Prix,albert_park,Albert Park Grand Prix Circuit,2024-03-24,stroll,STR,Lance,Stroll,aston_martin,Aston Martin,9,1:17.376,1:16.780,1:17.072
2024,3,Australian Grand Prix,albert_park,Albert Park Grand Prix Circuit,2024-03-24,alonso,ALO,Fernando,Alonso,aston_martin,Aston Martin,10,1:16.991,1:16.710,1:17.552
2024,3,Australian Grand Prix,albert_park,Albert Park Grand Prix Circuit,2024-03-24,hamilton,HAM,Lewis,Hamilton,mercedes,Mercedes,11,1:17.499,1:16.960,
2024,3,Australian Grand Prix,albert_park,Albert Park Grand Prix Circuit,2024-03-24,albon,ALB,Alexander,Albon,williams,Williams,12,1:17.130,1:17.167,
2024,3,Australian Grand Prix,albert_park,Albert Park Grand Prix Circuit,2024-03-24,bottas,BOT,Valtteri,Bottas,sauber,Sauber,13,1:17.543,1:17.340,
2024,3,Australian Grand Prix,albert_park,Albert Park Grand Prix Circuit,2024-03-24,kevin_magnussen,MAG,Kevin,Magnussen,haas,Haas F1 Team,14,1:17.709,1:17.427,
2024,3,Australian Grand Prix,albert_park,Albert Park Grand Prix Circuit,2024-03-24,ocon,OCO,Esteban,Ocon,alpine,Alpine F1 Team,15,1:17.617,1:17.697,
2024,3,Australian Grand Prix,albert_park,Albert Park Grand Prix Circuit,2024-03-24,hulkenberg,HUL,Nico,Hülkenberg,haas,Haas F1 Team,16,1:17.976,,
2024,3,Australian Grand Prix,albert_park,Albert Park Grand Prix Circuit,2024-03-24,gasly,GAS,Pierre,Gasly,alpine,Alpine F1 Team,17,1:17.982,,
2024,3,Australian Grand Prix,albert_park,Albert Park Grand Prix Circuit,2024-03-24,ricciardo,RIC,Daniel,Ricciardo,rb,RB F1 Team,18,1:18.085,,
2024,3,Australian Grand Prix,albert_park,Albert Park Grand Prix Circuit,2024-03-24,zhou,ZHO,Guanyu,Zhou,sauber,Sauber,19,1:18.188,,
2024,4,Japanese Grand Prix,suzuka,Suzuka Circuit,2024-04-07,max_verstappen,VER,Max,Verstappen,red_bull,Red Bull,1,1:28.866,1:28.740,1:28.197
2024,4,Japanese Grand Prix,suzuka,Suzuka Circuit,2024-04-07,perez,PER,Sergio,Pérez,red_bull,Red Bull,2,1:29.303,1:28.752,1:28.263
2024,4,Japanese Grand Prix,suzuka,Suzuka Circuit,2024-04-07,norris,NOR,Lando,Norris,mclaren,McLaren,3,1:29.536,1:28.940,1:28.489
2024,4,Japanese Grand Prix,suzuka,Suzuka Circuit,2024-04-07,sainz,SAI,Carlos,Sainz,ferrari,Ferrari,4,1:29.513,1:29.099,1:28.682
2024,4,Japanese Grand Prix,suzuka,Suzuka Circuit,2024-04-07,alonso,ALO,Fernando,Alonso,aston_martin,Aston Martin,5,1:29.254,1:29.082,1:28.686
2024,4,Japanese Grand Prix,suzuka,Suzuka Circuit,2024-04-07,piastri,PIA,Oscar,Piastri,mclaren,McLaren,6,1:29.425,1:29.148,1:28.760
2024,4,Japanese Grand Prix,suzuka,Suzuka Circuit,2024-04-07,hamilton,HAM,Lewis,Hamilton,mercedes,Mercedes,7,1:29.661,1:28.887,1:28.766
2024,4,Japanese Grand Prix,suzuka,Suzuka Circuit,2024-04-07,leclerc,LEC,Charles,Leclerc,ferrari,Ferrari,8,1:29.338,1:29.196,1:28.786
2024,4,Japanese Grand Prix,suzuka,Suzuka Circuit,2024-04-07,russell,RUS,George,Russell,mercedes,Mercedes,9,1:29.799,1:29.140,1:29.008
2024,4,Japanese Grand Prix,suzuka,Suzuka Circuit,2024-04-07,tsunoda,TSU,Yuki,Tsunoda,rb,RB F1 Team,10,1:29.775,1:29.417,1:29.413
2024,4,Japanese Grand Prix,suzuka,Suzuka Circuit,2024-04-07,ricciardo,RIC,Daniel,Ricciardo,rb,RB F1 Team,11,1:29.727,1:29.472,
2024,4,Japanese Grand Prix,suzuka,Suzuka Circuit,2024-04-07,hulkenberg,HUL,Nico,Hülkenberg,haas,Haas F1 Team,12,1:29.821,1:29.494,
2024,4,Japanese Grand Prix,suzuka,Suzuka Circuit,2024-04-07,bottas,BOT,Valtteri,Bottas,sauber,Sauber,13,1:29.602,1:29.593,
2024,4,Japanese Grand Prix,suzuka,Suzuka Circuit,2024-04-07,albon,ALB,Alexander,Albon,williams,Williams,14,1:29.963,1:29.714,
2024,4,Japanese Grand Prix,suzuka,Suzuka Circuit,2024-04-07,ocon,OCO,Esteban,Ocon,alpine,Alpine F1 Team,15,1:29.811,1:29.816,
2024,4,Japanese Grand Prix,suzuka,Suzuka Circuit,2024-04-07,stroll,STR,Lance,Stroll,aston_martin,Aston Martin,16,1:30.024,,
2024,4,Japanese Grand Prix,suzuka,Suzuka Circuit,2024-04-07,gasly,GAS,Pierre,Gasly,alpine,Alpine F1 Team,17,1:30.119,,
2024,4,Japanese Grand Prix,suzuka,Suzuka Circuit,2024-04-07,kevin_magnussen,MAG,Kevin,Magnussen,haas,Haas F1 Team,18,1:30.131,,
2024,4,Japanese Grand Prix,suzuka,Suzuka Circuit,2024-04-07,sargeant,SAR,Logan,Sargeant,williams,Williams,19,1:30.139,,
2024,4,Japanese Grand Prix,suzuka,Suzuka Circuit,2024-04-07,zhou,ZHO,Guanyu,Zhou,sauber,Sauber,20,1:30.143,,
2024,5,Chinese Grand Prix,shanghai,Shanghai International Circuit,2024-04-21,max_verstappen,VER,Max,Verstappen,red_bull,Red Bull,1,1:34.742,1:33.794,1:33.660
2024,5,Chinese Grand Prix,shanghai,Shanghai International Circuit,2024-04-21,perez,PER,Sergio,Pérez,red_bull,Red Bull,2,1:35.457,1:34.026,1:33.982
2024,5,Chinese Grand Prix,shanghai,Shanghai International Circuit,2024-04-21,alonso,ALO,Fernando,Alonso,aston_martin,Aston Martin,3,1:35.116,1:34.652,1:34.148
2024,5,Chinese Grand Prix,shanghai,Shanghai International Circuit,2024-04-21,norris,NOR,Lando,Norris,mclaren,McLaren,4,1:34.842,1:34.460,1:34.165
2024,5,Chinese Grand Prix,shanghai,Shanghai International Circuit,2024-04-21,piastri,PIA,Oscar,Piastri,mclaren,McLaren,5,1:35.014,1:34.659,1:34.273
2024,5,Chinese Grand Prix,shanghai,Shanghai International Circuit,2024-04-21,leclerc,LEC,Charles,Leclerc,ferrari,Ferrari,6,1:34.797,1:34.399,1:34.289
2024,5,Chinese Grand Prix,shanghai,Shanghai International Circuit,2024-04-21,sainz,SAI,Carlos,Sainz,ferrari,Ferrari,7,1:34.970,1:34.368,1:34.297
2024,5,Chinese Grand Prix,shanghai,Shanghai International Circuit,2024-04-21,russell,RUS,George,Russell,mercedes,Mercedes,8,1:35.084,1:34.609,1:34.433
2024,5,Chinese Grand Prix,shanghai,Shanghai International Circuit,2024-04-21,hulkenberg,HUL,Nico,Hülkenberg,haas,Haas F1 Team,9,1:35.068,1:34.667,1:34.604
2024,5,Chinese Grand Prix,shanghai,Shanghai International Circuit,2024-04-21,bottas,BOT,Valtteri,Bottas,sauber,Sauber,10,1:35.169,1:34.769,1:34.665
2024,5,Chinese Grand Prix,shanghai,Shanghai International Circuit,2024-04-21,stroll,STR,Lance,Stroll,aston_martin,Aston Martin,11,1:35.334,1:34.838,
2024,5,Chinese Grand Prix,shanghai,Shanghai International Circuit,2024-04-21,ricciardo,RIC,Daniel,Ricciardo,rb,RB F1 Team,12,1:35.443,1:34.934,
2024,5,Chinese Grand Prix,shanghai,Shanghai International Circuit,2024-04-21,ocon,OCO,Esteban,Ocon,alpine,Alpine F1 Team,13,1:35.356,1:35.223,
2024,5,Chinese Grand Prix,shanghai,Shanghai International Circuit,2024-04-21,albon,ALB,Alexander,Albon,williams,Williams,14,1:35.384,1:35.241,
2024,5,Chinese Grand Prix,shanghai,Shanghai International Circuit,2024-04-21,gasly,GAS,Pierre,Gasly,alpine,Alpine F1 Team,15,1:35.287,1:35.463,
2024,5,Chinese Grand Prix,shanghai,Shanghai International Circuit,2024-04-21,zhou,ZHO,Guanyu,Zhou,sauber,Sauber,16,1:35.505,,
2024,5,Chinese Grand Prix,shanghai,Shanghai International Circuit,2024-04-21,kevin_magnussen,MAG,Kevin,Magnussen,haas,Haas F1 Team,17,1:35.516,,
2024,5,Chinese Grand Prix,shanghai,Shanghai International Circuit,2024-04-21,hamilton,HAM,Lewis,Hamilton,mercedes,Mercedes,18,1:35.573,,
2024,5,Chinese Grand Prix,shanghai,Shanghai International Circuit,2024-04-21,tsunoda,TSU,Yuki,Tsunoda,rb,RB F1 Team,19,1:35.746,,
2024,5,Chinese Grand Prix,shanghai,Shanghai International Circuit,2024-04-21,sargeant,SAR,Logan,Sargeant,williams,Williams,20,1:36.358,,
2024,6,Miami Grand Prix,miami,Miami International Autodrome,2024-05-05,max_verstappen,VER,Max,Verstappen,red_bull,Red Bull,1,1:27.689,1:27.566,1:27.241
2025,1,Australian Grand Prix,albert_park,Albert Park Grand Prix Circuit,2025-03-16,norris,NOR,Lando,Norris,mclaren,McLaren,1,1:15.912,1:15.415,1:15.096
2025,1,Australian Grand Prix,albert_park,Albert Park Grand Prix Circuit,2025-03-16,piastri,PIA,Oscar,Piastri,mclaren,McLaren,2,1:16.062,1:15.468,1:15.180
2025,1,Australian Grand Prix,albert_park,Albert Park Grand Prix Circuit,2025-03-16,max_verstappen,VER,Max,Verstappen,red_bull,Red Bull,3,1:16.018,1:15.565,1:15.481
2025,1,Australian Grand Prix,albert_park,Albert Park Grand Prix Circuit,2025-03-16,russell,RUS,George,Russell,mercedes,Mercedes,4,1:15.971,1:15.798,1:15.546
2025,1,Australian Grand Prix,albert_park,Albert Park Grand Prix Circuit,2025-03-16,tsunoda,TSU,Yuki,Tsunoda,rb,RB F1 Team,5,1:16.225,1:16.009,1:15.670
2025,1,Australian Grand Prix,albert_park,Albert Park Grand Prix Circuit,2025-03-16,albon,ALB,Alexander,Albon,williams,Williams,6,1:16.245,1:16.017,1:15.737
2025,1,Australian Grand Prix,albert_park,Albert Park Grand Prix Circuit,2025-03-16,leclerc,LEC,Charles,Leclerc,ferrari,Ferrari,7,1:16.029,1:15.827,1:15.755
2025,1,Australian Grand Prix,albert_park,Albert Park Grand Prix Circuit,2025-03-16,hamilton,HAM,Lewis,Hamilton,ferrari,Ferrari,8,1:16.213,1:15.919,1:15.973
2025,1,Australian Grand Prix,albert_park,Albert Park Grand Prix Circuit,2025-03-16,gasly,GAS,Pierre,Gasly,alpine,Alpine F1 Team,9,1:16.328,1:16.112,1:15.980
2025,1,Australian Grand Prix,albert_park,Albert Park Grand Prix Circuit,2025-03-16,sainz,SAI,Carlos,Sainz,williams,Williams,10,1:16.360,1:15.931,1:16.062
2025,1,Australian Grand Prix,albert_park,Albert Park Grand Prix Circuit,2025-03-16,hadjar,HAD,Isack,Hadjar,rb,RB F1 Team,11,1:16.354,1:16.175,
2025,1,Australian Grand Prix,albert_park,Albert Park Grand Prix Circuit,2025-03-16,alonso,ALO,Fernando,Alonso,aston_martin,Aston Martin,12,1:16.288,1:16.453,
2025,1,Australian Grand Prix,albert_park,Albert Park Grand Prix Circuit,2025-03-16,stroll,STR,Lance,Stroll,aston_martin,Aston Martin,13,1:16.369,1:16.483,
2025,1,Australian Grand Prix,albert_park,Albert Park Grand Prix Circuit,2025-03-16,doohan,DOO,Jack,Doohan,alpine,Alpine F1 Team,14,1:16.315,1:16.863,
2025,1,Australian Grand Prix,albert_park,Albert Park Grand Prix Circuit,2025-03-16,bortoleto,BOR,Gabriel,Bortoleto,sauber,Sauber,15,1:16.516,1:17.520,
2025,1,Australian Grand Prix,albert_park,Albert Park Grand Prix Circuit,2025-03-16,antonelli,ANT,Andrea Kimi,Antonelli,mercedes,Mercedes,16,1:16.525,,
2025,1,Australian Grand Prix,albert_park,Albert Park Grand Prix Circuit,2025-03-16,hulkenberg,HUL,Nico,Hülkenberg,sauber,Sauber,17,1:16.579,,
2025,1,Australian Grand Prix,albert_park,Albert Park Grand Prix Circuit,2025-03-16,lawson,LAW,Liam,Lawson,red_bull,Red Bull,18,1:17.094,,
2025,1,Australian Grand Prix,albert_park,Albert Park Grand Prix Circuit,2025-03-16,ocon,OCO,Esteban,Ocon,haas,Haas F1 Team,19,1:17.147,,
2025,1,Australian Grand Prix,albert_park,Albert Park Grand Prix Circuit,2025-03-16,bearman,BEA,Oliver,Bearman,haas,Haas F1 Team,20,,,
2025,2,Chinese Grand Prix,shanghai,Shanghai International Circuit,2025-03-23,piastri,PIA,Oscar,Piastri,mclaren,McLaren,1,1:31.591,1:31.200,1:30.641
2025,2,Chinese Grand Prix,shanghai,Shanghai International Circuit,2025-03-23,russell,RUS,George,Russell,mercedes,Mercedes,2,1:31.295,1:31.307,1:30.723
2025,2,Chinese Grand Prix,shanghai,Shanghai International Circuit,2025-03-23,norris,NOR,Lando,Norris,mclaren,McLaren,3,1:30.983,1:30.787,1:30.793
2025,2,Chinese Grand Prix,shanghai,Shanghai International Circuit,2025-03-23,max_verstappen,VER,Max,Verstappen,red_bull,Red Bull,4,1:31.424,1:31.142,1:30.817
2025,2,Chinese Grand Prix,shanghai,Shanghai International Circuit,2025-03-23,hamilton,HAM,Lewis,Hamilton,ferrari,Ferrari,5,1:31.690,1:31.501,1:30.927
2025,2,Chinese Grand Prix,shanghai,Shanghai International Circuit,2025-03-23,leclerc,LEC,Charles,Leclerc,ferrari,Ferrari,6,1:31.579,1:31.450,1:31.021
2025,2,Chinese Grand Prix,shanghai,Shanghai International Circuit,2025-03-23,hadjar,HAD,Isack,Hadjar,rb,RB F1 Team,7,1:31.162,1:31.253,1:31.079
2025,2,Chinese Grand Prix,shanghai,Shanghai International Circuit,2025-03-23,antonelli,ANT,Andrea Kimi,Antonelli,mercedes,Mercedes,8,1:31.676,1:31.590,1:31.103
2025,2,Chinese Grand Prix,shanghai,Shanghai International Circuit,2025-03-23,tsunoda,TSU,Yuki,Tsunoda,rb,RB F1 Team,9,1:31.238,1:31.260,1:31.638
2025,2,Chinese Grand Prix,shanghai,Shanghai International Circuit,2025-03-23,albon,ALB,Alexander,Albon,williams,Williams,10,1:31.503,1:31.595,1:31.706
2025,2,Chinese Grand Prix,shanghai,Shanghai International Circuit,2025-03-23,ocon,OCO,Esteban,Ocon,haas,Haas F1 Team,11,1:31.876,1:31.625,
2025,2,Chinese Grand Prix,shanghai,Shanghai International Circuit,2025-03-23,hulkenberg,HUL,Nico,Hülkenberg,sauber,Sauber,12,1:31.921,1:31.632,
2025,2,Chinese Grand Prix,shanghai,Shanghai International Circuit,2025-03-23,alonso,ALO,Fernando,Alonso,aston_martin,Aston Martin,13,1:31.719,1:31.688,
2025,2,Chinese Grand Prix,shanghai,Shanghai International Circuit,2025-03-23,stroll,STR,Lance,Stroll,aston_martin,Aston Martin,14,1:31.923,1:31.773,
2025,2,Chinese Grand Prix,shanghai,Shanghai International Circuit,2025-03-23,sainz,SAI,Carlos,Sainz,williams,Williams,15,1:31.628,1:31.840,
2025,2,Chinese Grand Prix,shanghai,Shanghai International Circuit,2025-03-23,gasly,GAS,Pierre,Gasly,alpine,Alpine F1 Team,16,1:31.992,,
2025,2,Chinese Grand Prix,shanghai,Shanghai International Circuit,2025-03-23,bearman,BEA,Oliver,Bearman,haas,Haas F1 Team,17,1:32.018,,
2025,2,Chinese Grand Prix,shanghai,Shanghai International Circuit,2025-03-23,doohan,DOO,Jack,Doohan,alpine,Alpine F1 Team,18,1:32.092,,
2025,2,Chinese Grand Prix,shanghai,Shanghai International Circuit,2025-03-23,bortoleto,BOR,Gabriel,Bortoleto,sauber,Sauber,19,1:32.141,,
2025,2,Chinese Grand Prix,shanghai,Shanghai International Circuit,2025-03-23,lawson,LAW,Liam,Lawson,red_bull,Red Bull,20,1:32.174,,
2025,3,Japanese Grand Prix,suzuka,Suzuka Circuit,2025-04-06,max_verstappen,VER,Max,Verstappen,red_bull,Red Bull,1,1:27.943,1:27.502,1:26.983
2025,3,Japanese Grand Prix,suzuka,Suzuka Circuit,2025-04-06,norris,NOR,Lando,Norris,mclaren,McLaren,2,1:27.845,1:27.146,1:26.995
2025,3,Japanese Grand Prix,suzuka,Suzuka Circuit,2025-04-06,piastri,PIA,Oscar,Piastri,mclaren,McLaren,3,1:27.687,1:27.507,1:27.027
2025,3,Japanese Grand Prix,suzuka,Suzuka Circuit,2025-04-06,leclerc,LEC,Charles,Leclerc,ferrari,Ferrari,4,1:27.920,1:27.555,1:27.299
2025,3,Japanese Grand Prix,suzuka,Suzuka Circuit,2025-04-06,russell,RUS,George,Russell,mercedes,Mercedes,5,1:27.843,1:27.400,1:27.318
2025,3,Japanese Grand Prix,suzuka,Suzuka Circuit,2025-04-06,antonelli,ANT,Andrea Kimi,Antonelli,mercedes,Mercedes,6,1:27.968,1:27.639,1:27.555
2025,3,Japanese Grand Prix,suzuka,Suzuka Circuit,2025-04-06,hadjar,HAD,Isack,Hadjar,rb,RB F1 Team,7,1:28.278,1:27.775,1:27.569
2025,3,Japanese Grand Prix,suzuka,Suzuka Circuit,2025-04-06,hamilton,HAM,Lewis,Hamilton,ferrari,Ferrari,8,1:27.942,1:27.610,1:27.610
2025,3,Japanese Grand Prix,suzuka,Suzuka Circuit,2025-04-06,albon,ALB,Alexander,Albon,williams,Williams,9,1:28.218,1:27.783,1:27.615
2025,3,Japanese Grand Prix,suzuka,Suzuka Circuit,2025-04-06,bearman,BEA,Oliver,Bearman,haas,Haas F1 Team,10,1:28.228,1:27.711,1:27.867
2025,3,Japanese Grand Prix,suzuka,Suzuka Circuit,2025-04-06,gasly,GAS,Pierre,Gasly,alpine,Alpine F1 Team,11,1:28.186,1:27.822,
2025,3,Japanese Grand Prix,suzuka,Suzuka Circuit,2025-04-06,sainz,SAI,Carlos,Sainz,williams,Williams,12,1:28.209,1:27.836,
2025,3,Japanese Grand Prix,suzuka,Suzuka Circuit,2025-04-06,alonso,ALO,Fernando,Alonso,aston_martin,Aston Martin,13,1:28.337,1:27.897,
2025,3,Japanese Grand Prix,suzuka,Suzuka Circuit,2025-04-06,lawson,LAW,Liam,Lawson,rb,RB F1 Team,14,1:28.554,1:27.906,
2025,3,Japanese Grand Prix,suzuka,Suzuka Circuit,2025-04-06,tsunoda,TSU,Yuki,Tsunoda,red_bull,Red Bull,15,1:27.967,1:28.000,
2025,3,Japanese Grand Prix,suzuka,Suzuka Circuit,2025-04-06,hulkenberg,HUL,Nico,Hülkenberg,sauber,Sauber,16,1:28.570,,
2025,3,Japanese Grand Prix,suzuka,Suzuka Circuit,2025-04-06,bortoleto,BOR,Gabriel,Bortoleto,sauber,Sauber,17,1:28.622,,
2025,3,Japanese Grand Prix,suzuka,Suzuka Circuit,2025-04-06,ocon,OCO,Esteban,Ocon,haas,Haas F1 Team,18,1:28.696,,
2025,3,Japanese Grand Prix,suzuka,Suzuka Circuit,2025-04-06,doohan,DOO,Jack,Doohan,alpine,Alpine F1 Team,19,1:28.877,,
2025,3,Japanese Grand Prix,suzuka,Suzuka Circuit,2025-04-06,stroll,STR,Lance,Stroll,aston_martin,Aston Martin,20,1:29.271,,
2025,4,Bahrain Grand Prix,bahrain,Bahrain International Circuit,2025-04-13,piastri,PIA,Oscar,Piastri,mclaren,McLaren,1,1:31.392,1:30.454,1:29.841
2025,4,Bahrain Grand Prix,bahrain,Bahrain International Circuit,2025-04-13,russell,RUS,George,Russell,mercedes,Mercedes,2,1:31.494,1:30.664,1:30.009
2025,4,Bahrain Grand Prix,bahrain,Bahrain International Circuit,2025-04-13,leclerc,LEC,Charles,Leclerc,ferrari,Ferrari,3,1:31.454,1:30.724,1:30.175
2025,4,Bahrain Grand Prix,bahrain,Bahrain International Circuit,2025-04-13,antonelli,ANT,Andrea Kimi,Antonelli,mercedes,Mercedes,4,1:31.415,1:30.716,1:30.213
2025,4,Bahrain Grand Prix,bahrain,Bahrain International Circuit,2025-04-13,gasly,GAS,Pierre,Gasly,alpine,Alpine F1 Team,5,1:31.462,1:30.643,1:30.216
2025,4,Bahrain Grand Prix,bahrain,Bahrain International Circuit,2025-04-13,norris,NOR,Lando,Norris,mclaren,McLaren,6,1:31.107,1:30.560,1:30.267
2025,4,Bahrain Grand Prix,bahrain,Bahrain International Circuit,2025-04-13,max_verstappen,VER,Max,Verstappen,red_bull,Red Bull,7,1:31.303,1:31.019,1:30.423
2025,4,Bahrain Grand Prix,bahrain,Bahrain International Circuit,2025-04-13,sainz,SAI,Carlos,Sainz,williams,Williams,8,1:31.591,1:30.844,1:30.680
2025,4,Bahrain Grand Prix,bahrain,Bahrain International Circuit,2025-04-13,hamilton,HAM,Lewis,Hamilton,ferrari,Ferrari,9,1:31.219,1:31.009,1:30.772
2025,4,Bahrain Grand Prix,bahrain,Bahrain International Circuit,2025-04-13,tsunoda,TSU,Yuki,Tsunoda,red_bull,Red Bull,10,1:31.751,1:31.228,1:31.303
2025,4,Bahrain Grand Prix,bahrain,Bahrain International Circuit,2025-04-13,doohan,DOO,Jack,Doohan,alpine,Alpine F1 Team,11,1:31.414,1:31.245,
2025,4,Bahrain Grand Prix,bahrain,Bahrain International Circuit,2025-04-13,hadjar,HAD,Isack,Hadjar,rb,RB F1 Team,12,1:31.591,1:31.271,
2025,4,Bahrain Grand Prix,bahrain,Bahrain International Circuit,2025-04-13,alonso,ALO,Fernando,Alonso,aston_martin,Aston Martin,13,1:31.634,1:31.886,
2025,4,Bahrain Grand Prix,bahrain,Bahrain International Circuit,2025-04-13,ocon,OCO,Esteban,Ocon,haas,Haas F1 Team,14,1:31.594,,
2025,4,Bahrain Grand Prix,bahrain,Bahrain International Circuit,2025-04-13,albon,ALB,Alexander,Albon,williams,Williams,15,1:32.040,,
2025,4,Bahrain Grand Prix,bahrain,Bahrain International Circuit,2025-04-13,hulkenberg,HUL,Nico,Hülkenberg,sauber,Sauber,16,1:32.067,,
2025,4,Bahrain Grand Prix,bahrain,Bahrain International Circuit,2025-04-13,lawson,LAW,Liam,Lawson,rb,RB F1 Team,17,1:32.165,,
2025,4,Bahrain Grand Prix,bahrain,Bahrain International Circuit,2025-04-13,bortoleto,BOR,Gabriel,Bortoleto,sauber,Sauber,18,1:32.186,,
2025,4,Bahrain Grand Prix,bahrain,Bahrain International Circuit,2025-04-13,stroll,STR,Lance,Stroll,aston_martin,Aston Martin,19,1:32.283,,
2025,4,Bahrain Grand Prix,bahrain,Bahrain International Circuit,2025-04-13,bearman,BEA,Oliver,Bearman,haas,Haas F1 Team,20,1:32.373,,
2025,5,Saudi Arabian Grand Prix,jeddah,Jeddah Corniche Circuit,2025-04-20,max_verstappen,VER,Max,Verstappen,red_bull,Red Bull,1,1:27.778,1:27.529,1:27.294
2025,5,Saudi Arabian Grand Prix,jeddah,Jeddah Corniche Circuit,2025-04-20,piastri,PIA,Oscar,Piastri,mclaren,McLaren,2,1:27.901,1:27.545,1:27.304
2025,5,Saudi Arabian Grand Prix,jeddah,Jeddah Corniche Circuit,2025-04-20,russell,RUS,George,Russell,mercedes,Mercedes,3,1:28.282,1:27.599,1:27.407
2025,5,Saudi Arabian Grand Prix,jeddah,Jeddah Corniche Circuit,2025-04-20,leclerc,LEC,Charles,Leclerc,ferrari,Ferrari,4,1:28.552,1:27.866,1:27.670
2025,5,Saudi Arabian Grand Prix,jeddah,Jeddah Corniche Circuit,2025-04-20,antonelli,ANT,Andrea Kimi,Antonelli,mercedes,Mercedes,5,1:28.128,1:27.798,1:27.866
2025,5,Saudi Arabian Grand Prix,jeddah,Jeddah Corniche Circuit,2025-04-20,sainz,SAI,Carlos,Sainz,williams,Williams,6,1:28.354,1:28.024,1:28.164
2025,5,Saudi Arabian Grand Prix,jeddah,Jeddah Corniche Circuit,2025-04-20,hamilton,HAM,Lewis,Hamilton,ferrari,Ferrari,7,1:28.372,1:28.102,1:28.201
2025,5,Saudi Arabian Grand Prix,jeddah,Jeddah Corniche Circuit,2025-04-20,tsunoda,TSU,Yuki,Tsunoda,red_bull,Red Bull,8,1:28.226,1:27.990,1:28.204
2025,5,Saudi Arabian Grand Prix,jeddah,Jeddah Corniche Circuit,2025-04-20,gasly,GAS,Pierre,Gasly,alpine,Alpine F1 Team,9,1:28.421,1:28.025,1:28.367
2025,5,Saudi Arabian Grand Prix,jeddah,Jeddah Corniche Circuit,2025-04-20,norris,NOR,Lando,Norris,mclaren,McLaren,10,1:27.805,1:27.481,
2025,5,Saudi Arabian Grand Prix,jeddah,Jeddah Corniche Circuit,2025-04-20,albon,ALB,Alexander,Albon,williams,Williams,11,1:28.279,1:28.109,
2025,5,Saudi Arabian Grand Prix,jeddah,Jeddah Corniche Circuit,2025-04-20,lawson,LAW,Liam,Lawson,rb,RB F1 Team,12,1:28.561,1:28.191,
2025,5,Saudi Arabian Grand Prix,jeddah,Jeddah Corniche Circuit,2025-04-20,alonso,ALO,Fernando,Alonso,aston_martin,Aston Martin,13,1:28.548,1:28.303,
2025,5,Saudi Arabian Grand Prix,jeddah,Jeddah Corniche Circuit,2025-04-20,hadjar,HAD,Isack,Hadjar,rb,RB F1 Team,14,1:28.571,1:28.418,
2025,5,Saudi Arabian Grand Prix,jeddah,Jeddah Corniche Circuit,2025-04-20,bearman,BEA,Oliver,Bearman,haas,Haas F1 Team,15,1:28.536,1:28.648,
2025,5,Saudi Arabian Grand Prix,jeddah,Jeddah Corniche Circuit,2025-04-20,stroll,STR,Lance,Stroll,aston_martin,Aston Martin,16,1:28.645,,
2025,5,Saudi Arabian Grand Prix,jeddah,Jeddah Corniche Circuit,2025-04-20,doohan,DOO,Jack,Doohan,alpine,Alpine F1 Team,17,1:28.739,,
2025,5,Saudi Arabian Grand Prix,jeddah,Jeddah Corniche Circuit,2025-04-20,hulkenberg,HUL,Nico,Hülkenberg,sauber,Sauber,18,1:28.782,,
2025,5,Saudi Arabian Grand Prix,jeddah,Jeddah Corniche Circuit,2025-04-20,ocon,OCO,Esteban,Ocon,haas,Haas F1 Team,19,1:29.092,,
2025,5,Saudi Arabian Grand Prix,jeddah,Jeddah Corniche Circuit,2025-04-20,bortoleto,BOR,Gabriel,Bortoleto,sauber,Sauber,20,1:29.462,,
